{
  "uuid": "df3ba7dc-611c-316a-8cb8-d9b8b59dbe18",
  "starterPrompted": true,
  "starterLocked": false,
  "starterSelected": true,
  "starterUUID": "53bbf389-fec5-4241-b37d-c945b331483d",
  "keyItems": [],
  "battleTheme": "cobblemon:battle.pvp.default",
  "extraData": {
    "koStreak": {
      "name": "koStreak",
      "species": "drilbur",
      "count": 1
    },
    "koCount": {
      "name": "koCount",
      "defeats": {
        "sentret": 1,
        "buneary": 1,
        "wooloo": 1,
        "pansear": 1,
        "ekans": 2,
        "igglybuff": 1,
        "caterpie": 2,
        "crabrawler": 1,
        "cottonee": 1,
        "growlithe": 1,
        "drilbur": 1
      }
    },
    "captureStreak": {
      "name": "captureStreak",
      "species": "",
      "count": 0
    },
    "captureCount": {
      "name": "captureCount",
      "defeats": {
        "totodile": 1
      }
    },
    "encounter": {
      "name": "encounter",
      "encounters": {
        "totodile": true,
        "sentret": true,
        "buneary": true,
        "lechonk": true,
        "wooloo": true,
        "igglybuff": true,
        "crabrawler": true,
        "cottonee": true
      }
    }
  },
  "advancementData": {
    "totalCaptureCount": 0,
    "totalEggsHatched": 0,
    "totalEvolvedCount": 0,
    "totalBattleVictoryCount": 9,
    "totalPvPBattleVictoryCount": 0,
    "totalPvWBattleVictoryCount": 6,
    "totalPvNBattleVictoryCount": 3,
    "totalShinyCaptureCount": 0,
    "totalTradedCount": 0,
    "totalTypeCaptureCounts": {},
    "totalDefeatedCounts": {
      "cobblemon:sentret": 1,
      "cobblemon:buneary": 1,
      "cobblemon:wooloo": 1,
      "cobblemon:igglybuff": 1,
      "cobblemon:crabrawler": 1,
      "cobblemon:cottonee": 1
    },
    "aspectsCollected": {}
  }
}