{
  "uuid": "df3ba7dc-611c-316a-8cb8-d9b8b59dbe18",
  "starterPrompted": true,
  "starterLocked": false,
  "starterSelected": true,
  "starterUUID": "53bbf389-fec5-4241-b37d-c945b331483d",
  "keyItems": [],
  "battleTheme": "cobblemon:battle.pvp.default",
  "extraData": {
    "koStreak": {
      "name": "koStreak",
      "species": "tandemaus",
      "count": 1
    },
    "koCount": {
      "name": "koCount",
      "defeats": {
        "sentret": 2,
        "buneary": 1,
        "wooloo": 1,
        "pansear": 2,
        "ekans": 2,
        "igglybuff": 1,
        "caterpie": 2,
        "crabrawler": 1,
        "cottonee": 1,
        "growlithe": 1,
        "drilbur": 1,
        "dottler": 1,
        "snom": 1,
        "spewpa": 1,
        "geodude": 4,
        "rattata": 1,
        "flaaffy": 1,
        "onix": 2,
        "bidoof": 2,
        "archen": 2,
        "fomantis": 1,
        "vulpix": 1,
        "krabby": 1,
        "flabebe": 1,
        "heracross": 1,
        "slowpoke": 1,
        "loudred": 1,
        "lechonk": 1,
        "tandemaus": 1
      }
    },
    "captureStreak": {
      "name": "captureStreak",
      "species": "roggenrola",
      "count": 1
    },
    "captureCount": {
      "name": "captureCount",
      "defeats": {
        "totodile": 1,
        "haunter": 2,
        "grookey": 1,
        "wingull": 2,
        "arrokuda": 1,
        "bidoof": 1,
        "pelipper": 1,
        "bibarel": 1,
        "croconaw": 1,
        "flaaffy": 2,
        "lapras": 1,
        "shroomish": 2,
        "breloom": 1,
        "heracross": 1,
        "roggenrola": 1,
        "boldore": 1
      }
    },
    "encounter": {
      "name": "encounter",
      "encounters": {
        "totodile": true,
        "sentret": true,
        "buneary": true,
        "lechonk": true,
        "wooloo": true,
        "igglybuff": true,
        "crabrawler": true,
        "cottonee": true,
        "haunter": true,
        "grookey": true,
        "steelix": true,
        "wingull": true,
        "bidoof": true,
        "arrokuda": true,
        "fomantis": true,
        "krabby": true,
        "pelipper": true,
        "bibarel": true,
        "heracross": true,
        "croconaw": true,
        "mareep": true,
        "flaaffy": true,
        "lapras": true,
        "shroomish": true,
        "breloom": true,
        "tandemaus": true,
        "roggenrola": true,
        "boldore": true
      }
    }
  },
  "advancementData": {
    "totalCaptureCount": 9,
    "totalEggsHatched": 0,
    "totalEvolvedCount": 4,
    "totalBattleVictoryCount": 32,
    "totalPvPBattleVictoryCount": 0,
    "totalPvWBattleVictoryCount": 23,
    "totalPvNBattleVictoryCount": 9,
    "totalShinyCaptureCount": 0,
    "totalTradedCount": 6,
    "totalTypeCaptureCounts": {
      "ghost": 1,
      "poison": 1,
      "grass": 2,
      "water": 2,
      "flying": 2,
      "normal": 1,
      "electric": 1,
      "bug": 1,
      "fighting": 1,
      "rock": 1
    },
    "totalDefeatedCounts": {
      "cobblemon:sentret": 2,
      "cobblemon:buneary": 1,
      "cobblemon:wooloo": 1,
      "cobblemon:igglybuff": 1,
      "cobblemon:crabrawler": 1,
      "cobblemon:cottonee": 1,
      "cobblemon:bidoof": 2,
      "cobblemon:fomantis": 1,
      "cobblemon:krabby": 1,
      "cobblemon:heracross": 1,
      "cobblemon:lechonk": 1,
      "cobblemon:tandemaus": 1
    },
    "aspectsCollected": {}
  }
}