{
  "uuid": "b36117a1-1894-3038-80dc-f0c73df26076",
  "starterPrompted": true,
  "starterLocked": false,
  "starterSelected": true,
  "starterUUID": "6ecdf16e-50d1-40c4-9b08-976ff77e0a84",
  "keyItems": [],
  "battleTheme": "cobblemon:battle.pvp.default",
  "extraData": {
    "koStreak": {
      "name": "koStreak",
      "species": "onix",
      "count": 1
    },
    "koCount": {
      "name": "koCount",
      "defeats": {
        "weedle": 1,
        "combee": 1,
        "ekans": 5,
        "nincada": 1,
        "metapod": 1,
        "spewpa": 1,
        "cottonee": 1,
        "zigzagoon": 1,
        "squirtle": 1,
        "glameow": 1,
        "nidoranf": 1,
        "caterpie": 1,
        "butterfree": 1,
        "karrablast": 1,
        "stoutland": 6,
        "spinarak": 1,
        "bulbasaur": 1,
        "haunter": 2,
        "kricketot": 2,
        "zubat": 1,
        "applin": 1,
        "audino": 1,
        "flabebe": 2,
        "pansear": 1,
        "beautifly": 6,
        "geodude": 1,
        "vulpix": 1,
        "onix": 1
      }
    },
    "captureStreak": {
      "name": "captureStreak",
      "species": "arcanine",
      "count": 1
    },
    "captureCount": {
      "name": "captureCount",
      "defeats": {
        "litten": 1,
        "haunter": 1,
        "steelix": 1,
        "shroomish": 1,
        "arcanine": 1
      }
    },
    "encounter": {
      "name": "encounter",
      "encounters": {
        "litten": true,
        "weedle": true,
        "combee": true,
        "pidgey": true,
        "wingull": true,
        "cottonee": true,
        "sentret": true,
        "bouffalant": true,
        "bunnelby": true,
        "haunter": true,
        "steelix": true,
        "spinarak": true,
        "shroomish": true,
        "arcanine": true,
        "kricketot": true,
        "zubat": true,
        "flabebe": true
      }
    }
  },
  "advancementData": {
    "totalCaptureCount": 4,
    "totalEggsHatched": 0,
    "totalEvolvedCount": 0,
    "totalBattleVictoryCount": 29,
    "totalPvPBattleVictoryCount": 0,
    "totalPvWBattleVictoryCount": 14,
    "totalPvNBattleVictoryCount": 15,
    "totalShinyCaptureCount": 0,
    "totalTradedCount": 0,
    "totalTypeCaptureCounts": {
      "ghost": 1,
      "poison": 1,
      "steel": 1,
      "ground": 1,
      "grass": 1,
      "fire": 1
    },
    "totalDefeatedCounts": {
      "cobblemon:weedle": 1,
      "cobblemon:combee": 1,
      "cobblemon:cottonee": 1,
      "cobblemon:spinarak": 1,
      "cobblemon:haunter": 2,
      "cobblemon:kricketot": 2,
      "cobblemon:zubat": 1,
      "cobblemon:flabebe": 1
    },
    "aspectsCollected": {}
  }
}