{
  "uuid": "b36117a1-1894-3038-80dc-f0c73df26076",
  "starterPrompted": true,
  "starterLocked": false,
  "starterSelected": true,
  "starterUUID": "6ecdf16e-50d1-40c4-9b08-976ff77e0a84",
  "keyItems": [],
  "battleTheme": "cobblemon:battle.pvp.default",
  "extraData": {
    "koStreak": {
      "name": "koStreak",
      "species": "combee",
      "count": 1
    },
    "koCount": {
      "name": "koCount",
      "defeats": {
        "weedle": 1,
        "combee": 1
      }
    },
    "captureStreak": {
      "name": "captureStreak",
      "species": "",
      "count": 0
    },
    "captureCount": {
      "name": "captureCount",
      "defeats": {
        "litten": 1
      }
    },
    "encounter": {
      "name": "encounter",
      "encounters": {
        "litten": true,
        "weedle": true,
        "combee": true,
        "pidgey": true,
        "wingull": true
      }
    }
  },
  "advancementData": {
    "totalCaptureCount": 0,
    "totalEggsHatched": 0,
    "totalEvolvedCount": 0,
    "totalBattleVictoryCount": 2,
    "totalPvPBattleVictoryCount": 0,
    "totalPvWBattleVictoryCount": 2,
    "totalPvNBattleVictoryCount": 0,
    "totalShinyCaptureCount": 0,
    "totalTradedCount": 0,
    "totalTypeCaptureCounts": {},
    "totalDefeatedCounts": {
      "cobblemon:weedle": 1,
      "cobblemon:combee": 1
    },
    "aspectsCollected": {}
  }
}