{
  "uuid": "4652ad7b-8fbe-386b-b191-ede4761a81c5",
  "starterPrompted": true,
  "starterLocked": false,
  "starterSelected": true,
  "starterUUID": "d68953d1-efc2-480e-a6a5-4bb50a3bd9e8",
  "keyItems": [],
  "battleTheme": "cobblemon:battle.pvp.default",
  "extraData": {
    "koStreak": {
      "name": "koStreak",
      "species": "haunter",
      "count": 1
    },
    "koCount": {
      "name": "koCount",
      "defeats": {
        "haunter": 1
      }
    },
    "captureStreak": {
      "name": "captureStreak",
      "species": "teddiursa",
      "count": 1
    },
    "captureCount": {
      "name": "captureCount",
      "defeats": {
        "oshawott": 1,
        "krabby": 1,
        "teddiursa": 1,
        "arrokuda": 1
      }
    },
    "encounter": {
      "name": "encounter",
      "encounters": {
        "oshawott": true,
        "krabby": true,
        "pelipper": true,
        "teddiursa": true,
        "arrokuda": true,
        "haunter": true
      }
    }
  },
  "advancementData": {
    "totalCaptureCount": 2,
    "totalEggsHatched": 0,
    "totalEvolvedCount": 0,
    "totalBattleVictoryCount": 3,
    "totalPvPBattleVictoryCount": 0,
    "totalPvWBattleVictoryCount": 3,
    "totalPvNBattleVictoryCount": 0,
    "totalShinyCaptureCount": 0,
    "totalTradedCount": 1,
    "totalTypeCaptureCounts": {
      "water": 1,
      "normal": 1
    },
    "totalDefeatedCounts": {
      "cobblemon:haunter": 1
    },
    "aspectsCollected": {}
  }
}