{"stats":{"minecraft:custom":{"minecraft:mob_kills":4,"minecraft:interact_with_crafting_table":2,"minecraft:leave_game":2,"minecraft:time_since_death":201413,"minecraft:climb_one_cm":1546,"minecraft:time_since_rest":201465,"minecraft:sprint_one_cm":597309,"minecraft:damage_taken":3861,"minecraft:walk_one_cm":315079,"minecraft:drop":9,"minecraft:damage_dealt":1988,"minecraft:swim_one_cm":292377,"minecraft:fly_one_cm":694897,"minecraft:player_kills":1,"minecraft:crouch_one_cm":1889,"minecraft:play_time":214498,"minecraft:deaths":1,"minecraft:sneak_time":739,"minecraft:walk_under_water_one_cm":72146,"minecraft:jump":2965,"minecraft:walk_on_water_one_cm":47953,"minecraft:total_world_time":214498,"minecraft:fall_one_cm":93284},"minecraft:killed":{"minecraft:pig":2,"rctmod:trainer":1,"cobblemon:pokemon":1},"minecraft:used":{"minecraft:stone_pickaxe":15,"minecraft:wooden_pickaxe":14,"minecraft:stone_axe":9,"minecraft:beef":2,"minecraft:porkchop":3,"minecraft:egg":2},"minecraft:mined":{"minecraft:tall_grass":3,"minecraft:copper_ore":5,"minecraft:iron_ore":1,"minecraft:birch_leaves":2,"minecraft:grass":24,"minecraft:oak_log":6,"minecraft:sand":1,"minecraft:stone":22,"minecraft:oak_leaves":4},"minecraft:dropped":{"minecraft:wheat_seeds":1,"minecraft:porkchop":2,"minecraft:raw_copper":15,"minecraft:chicken":1,"minecraft:spruce_trapdoor":64,"minecraft:slime_ball":1,"minecraft:sand":1,"minecraft:wooden_pickaxe":1},"minecraft:picked_up":{"cobblemon:remedy":1,"minecraft:pink_petals":6,"minecraft:feather":2,"minecraft:chicken":3,"minecraft:suspicious_stew":1,"minecraft:salmon":1,"minecraft:brown_wool":1,"minecraft:leather":1,"minecraft:wooden_pickaxe":2,"minecraft:potion":1,"minecraft:oak_log":6,"cobblemon:medicinal_brew":2,"cobblemon:sharp_beak":1,"minecraft:string":1,"minecraft:raw_copper":15,"cobblemon:mystic_water":1,"cobblemon:kings_rock":1,"minecraft:wheat_seeds":1,"cobblemon:potion":2,"minecraft:beef":2,"minecraft:stone_pickaxe":1,"cobblemon:oran_berry":35,"minecraft:rabbit":1,"cobblemon:pep_up_flower":3,"minecraft:furnace":1,"minecraft:egg":2,"minecraft:stick":7,"minecraft:raw_iron":1,"cobblemon:spell_tag":1,"minecraft:sand":1,"cobblemon:premier_ball":7,"minecraft:porkchop":5,"cobblemon:pink_apricorn":1,"cobblemon:citrine_ball":1,"minecraft:slime_ball":2,"cobblemon:poke_ball":5,"minecraft:stone_axe":1,"minecraft:emerald":1,"cobblemon:touga_berry":1,"cobblemon:medicinal_leek":3,"cobblemon:verdant_ball":4,"minecraft:cobblestone":46},"minecraft:killed_by":{"minecraft:skeleton":1},"minecraft:crafted":{"minecraft:oak_planks":24,"minecraft:wooden_pickaxe":1,"minecraft:stone_axe":1,"minecraft:stick":8,"minecraft:stone_pickaxe":1}},"DataVersion":3465}