{"stat.walkOneCm":34506,"stat.craftItem.minecraft.planks":28,"stat.pickup.minecraft.iron_nugget":2,"stat.killEntity.journey.floro":1,"stat.leaveGame":1,"stat.pickup.minecraft.crafting_table":1,"stat.damageTaken":150,"stat.pickup.minecraft.leather":8,"stat.mineBlock.minecraft.crafting_table":1,"stat.craftItem.minecraft.crafting_table":1,"stat.useItem.minecraft.apple":1,"stat.mobKills":8,"stat.mineBlock.minecraft.log":7,"stat.pickup.mod_lavacow.chitin":2,"stat.pickup.minecraft.dye":2,"stat.useItem.minecraft.beef":2,"stat.pickup.minecraft.log":18,"stat.flyOneCm":10332,"stat.jump":109,"stat.mineBlock.minecraft.leaves":2,"stat.playOneMinute":10227,"stat.fallOneCm":4784,"stat.pickup.minecraft.beef":14,"stat.killEntity.aoa3.bomb_carrier":1,"stat.pickup.journey.floropedal":1,"stat.sneakTime":11,"stat.damageDealt":835,"stat.timeSinceDeath":10227,"stat.useItem.minecraft.wooden_axe":15,"stat.pickup.minecraft.sapling":7,"stat.killEntity.Cow":6,"stat.sprintOneCm":23614,"stat.pickup.mod_lavacow.intestine":1,"stat.useItem.minecraft.stone_slab2":1,"stat.pickup.minecraft.apple":1,"stat.craftItem.minecraft.stick":4,"stat.craftItem.minecraft.wooden_axe":1,"stat.craftingTableInteraction":1}