{"stat.drop.minecraft.stone_pickaxe":1,"stat.pickup.minecraft.bone":16,"stat.killEntity.grimoireofgaia.banshee":1,"stat.pickup.journey.stonestick":2,"stat.leaveGame":2,"stat.mineBlock.minecraft.cobblestone":5,"stat.pickup.grimoireofgaia.misc_soul_fire":1,"stat.pickup.tombstone.familiar_stone":1,"stat.pickup.mod_lavacow.cursed_fabric":4,"stat.mineBlock.pvj.short_grass":3,"stat.swimOneCm":11792,"stat.killEntity.aoa3.nightfly":2,"stat.craftItem.aoa3.amethyst_pickaxe":1,"stat.useItem.minecraft.planks":4,"stat.climbOneCm":1024,"stat.pickup.aoa3.jade_sword":1,"stat.mineBlock.minecraft.web":4,"stat.pickup.iceandfire.silver_sword":2,"stat.useItem.minecraft.dirt":1,"stat.useItem.minecraft.stone_slab2":21,"stat.pickup.minecraft.purpur_block":1,"stat.pickup.minecraft.rotten_flesh":4,"stat.killEntity.journey.icemage":1,"stat.craftItem.minecraft.furnace":3,"stat.pickup.aoa3.scrap_metal":2,"stat.pickup.journey.cavevine":4,"stat.drop.minecraft.golden_leggings":1,"stat.killEntity.journey.floro":2,"stat.entityKilledBy.kingspider3":2,"stat.craftItem.minecraft.stone_axe":2,"stat.craftItem.minecraft.iron_boots":1,"stat.pickup.pvj.spectral_wrappings":10,"stat.pickup.minecraft.name_tag":2,"stat.useItem.aoa3.amethyst_pickaxe":30,"stat.craftItem.minecraft.stone_pickaxe":2,"stat.pickup.minecraft.cobblestone":110,"stat.flyOneCm":234951,"stat.pickup.minecraft.chainmail_chestplate":1,"stat.killEntity.aoa3.bomb_carrier":1,"stat.pickup.aoa3.runium_chunk":3,"stat.pickup.minecraft.redstone":9,"stat.mineBlock.minecraft.iron_ore":136,"stat.timeSinceDeath":457,"stat.pickup.iceandfire.silver_ingot":3,"stat.pickup.journey.loot_pouch_diamond":1,"stat.pickup.mod_lavacow.intestine":1,"stat.useItem.minecraft.iron_pickaxe":11,"stat.craftItem.minecraft.wooden_pickaxe":1,"stat.pickup.fossil.plant_fossil":1,"stat.pickup.minecraft.mutton":22,"stat.pickup.minecraft.mossy_cobblestone":4,"stat.pickup.minecraft.double_plant":1,"stat.pickup.aoa3.limonite_ore":5,"stat.trappedChestTriggered":1,"stat.pickup.minecraft.wooden_axe":1,"stat.furnaceInteraction":29,"stat.craftItem.aoa3.limonite_ingot":3,"stat.killEntity.ZombieVillager":2,"stat.useItem.tombstone.lollipop":10,"stat.mineBlock.minecraft.coal_ore":69,"stat.talkedToVillager":2,"stat.pickup.minecraft.string":7,"stat.killEntity.mod_lavacow.mimic":2,"stat.pickup.minecraft.beef":44,"stat.useItem.minecraft.cooked_mutton":20,"stat.pickup.minecraft.furnace":1,"stat.pickup.tombstone.crafting_ingredient":5,"stat.entityKilledBy.Skeleton":3,"stat.craftItem.minecraft.stone_slab2":0,"stat.pickup.aoa3.carved_rune_travel":1,"stat.sprintOneCm":340674,"stat.craftItem.minecraft.stick":20,"stat.craftItem.minecraft.wooden_axe":1,"stat.pickup.tombstone.magic_scroll":3,"stat.drop.minecraft.furnace":1,"stat.useItem.tombstone.magic_scroll":2,"stat.pickup.tombstone.lollipop":11,"stat.mineBlock.minecraft.crafting_table":3,"stat.entityKilledBy.Creeper":2,"stat.pickup.botania.flower":3,"stat.useItem.minecraft.beef":29,"stat.pickup.aoa3.rosite_ingot":1,"stat.entityKilledBy.kingspider":1,"stat.deaths":12,"stat.mineBlock.minecraft.planks":1,"stat.drop":20,"stat.playOneMinute":124898,"stat.killEntity.Sheep":16,"stat.craftItem.minecraft.iron_pickaxe":1,"stat.pickup.aoa3.amethyst":6,"stat.killEntity.aoa3.brute":1,"stat.killEntity.Zombie":4,"stat.mineBlock.minecraft.tallgrass":2,"stat.craftItem.minecraft.cooked_mutton":20,"stat.diveOneCm":7134,"stat.pickup.minecraft.purpur_pillar":2,"stat.chestOpened":25,"stat.mineBlock.minecraft.mossy_cobblestone":1,"stat.pickup.botania.mushroom":2,"stat.mineBlock.aoa3.amethyst_ore":6,"stat.mineBlock.aoa3.carved_rune_travel":1,"stat.useItem.minecraft.apple":4,"stat.pickup.minecraft.gold_nugget":8,"stat.useItem.minecraft.rotten_flesh":2,"stat.killEntity.SkeletonHorse":1,"stat.jump":1391,"stat.pickup.minecraft.iron_helmet":1,"stat.pickup.minecraft.coal":67,"stat.fallOneCm":40350,"stat.drop.minecraft.stone":3,"stat.pickup.journey.floropedal":3,"stat.useItem.minecraft.stone_axe":98,"stat.entityKilledBy.CaveSpider":1,"stat.crouchOneCm":4783,"stat.mineBlock.minecraft.chest":2,"stat.pickup.minecraft.rail":1,"stat.pickup.minecraft.spider_eye":1,"stat.pickup.journey.cavedust":1,"stat.craftItem.minecraft.chest":1,"stat.craftItem.minecraft.iron_ingot":135,"stat.craftItem.minecraft.torch":8,"stat.craftItem.minecraft.iron_helmet":1,"stat.pickup.minecraft.dirt":2,"stat.pickup.minecraft.golden_leggings":1,"stat.mineBlock.minecraft.purpur_block":1,"stat.craftingTableInteraction":15,"stat.pickup.minecraft.iron_ore":136,"stat.killEntity.aoa3.magicke":1,"stat.pickup.minecraft.iron_axe":1,"stat.killEntity.journey.templeguardian":1,"stat.pickup.minecraft.feather":2,"stat.pickup.minecraft.leather":29,"stat.damageTaken":9948,"stat.useItem.aoa3.jade_sword":130,"stat.mineBlock.minecraft.red_flower":1,"stat.mineBlock.minecraft.torch":5,"stat.useItem.minecraft.wooden_pickaxe":59,"stat.pickup.mod_lavacow.chitin":4,"stat.pickup.minecraft.dye":4,"stat.pickup.minecraft.planks":1,"stat.killEntity.CaveSpider":5,"tombstone:undead_killed":15,"stat.pickup.minecraft.concrete":5,"stat.useItem.tombstone.grave_key":1,"stat.entityKilledBy.Zombie":1,"stat.useItem.minecraft.stone_pickaxe":236,"stat.killEntity.aoa3.charger":1,"stat.craftItem.minecraft.iron_leggings":1,"stat.damageDealt":14849,"stat.useItem.minecraft.wool":5,"stat.sleepInBed":1,"stat.drop.journey.heartsml":1,"stat.killEntity.Silverfish":5,"stat.killEntity.Cow":22,"stat.pickup.aoa3.void_scales":1,"stat.mineBlock.aoa3.limonite_ore":5,"stat.walkOneCm":462389,"stat.useItem.minecraft.bread":3,"stat.useItem.minecraft.torch":3,"stat.pickup.minecraft.golden_apple":1,"stat.useItem.minecraft.chest":2,"stat.pickup.journey.heartsml":1,"stat.useItem.aoa3.raw_charger_shank":1,"stat.pickup.minecraft.iron_nugget":11,"stat.killEntity.pvj_shade":2,"stat.drop.pvj.spectral_wrappings":6,"stat.pickup.minecraft.crafting_table":3,"stat.useItem.minecraft.cobblestone":3,"stat.craftItem.minecraft.crafting_table":2,"stat.killEntity.grimoireofgaia.arachne":1,"stat.pickup.aoa3.runium_ore":1,"stat.mineBlock.minecraft.double_plant":1,"stat.pickup.mod_lavacow.mimic_claw":8,"stat.pickup.minecraft.log":29,"stat.useItem.scalinghealth.heartcontainer":2,"stat.useItem.tombstone.gift":1,"stat.drop.aoa3.rosite_ingot":1,"stat.pickup.minecraft.stone":9,"stat.craftItem.minecraft.iron_chestplate":1,"stat.killEntity.grimoireofgaia.dullahan":1,"stat.mineBlock.minecraft.wool":9,"stat.pickup.scalinghealth.heartcontainer":2,"stat.pickup.minecraft.sapling":53,"stat.pickup.minecraft.apple":4,"tombstone:eaten_lollipop":10,"stat.killEntity.Skeleton":3,"stat.entityKilledBy.aoa3.charger":1,"stat.pickup.thaumcraft.ore_cinnabar":1,"stat.craftItem.minecraft.planks":116,"stat.killEntity.Spider":3,"stat.mineBlock.aoa3.runium_ore":1,"stat.pickup.minecraft.bread":3,"stat.killEntity.grimoireofgaia.harpy":1,"stat.pickup.aoa3.raw_charger_shank":2,"stat.mobKills":79,"stat.mineBlock.minecraft.log":8,"stat.drop.tombstone.magic_scroll":2,"stat.useItem.minecraft.golden_apple":2,"stat.killEntity.mod_lavacow.banshee":1,"stat.mineBlock.minecraft.leaves":8,"stat.pickup.minecraft.beetroot_seeds":6,"stat.pickup.minecraft.torch":13,"stat.killEntity.pvj_ghost":1,"stat.pickup.minecraft.red_flower":2,"stat.mineBlock.minecraft.redstone_ore":1,"stat.sneakTime":1949,"stat.drop.aoa3.runium_chunk":3,"stat.pickup.minecraft.wool":25,"stat.pickup.aoa3.copper_coin":9,"stat.drop.botania.mushroom":1,"stat.useItem.minecraft.wooden_axe":21,"stat.useItem.journey.floropedal":2,"stat.pickup.minecraft.yellow_flower":3,"stat.mineBlock.minecraft.stone":89,"stat.pickup.minecraft.golden_rail":1,"stat.pickup.minecraft.chest":3}