{"stats":{"minecraft:custom":{"minecraft:mob_kills":6,"minecraft:interact_with_crafting_table":2,"minecraft:bell_ring":1,"minecraft:leave_game":3,"minecraft:time_since_death":253832,"minecraft:climb_one_cm":6343,"minecraft:time_since_rest":253884,"minecraft:waystone_activated":2,"minecraft:sprint_one_cm":846994,"minecraft:damage_taken":4269,"minecraft:walk_one_cm":385602,"minecraft:drop":25,"minecraft:damage_dealt":2843,"minecraft:swim_one_cm":302661,"minecraft:fly_one_cm":1163680,"minecraft:player_kills":1,"minecraft:open_chest":3,"minecraft:crouch_one_cm":2335,"minecraft:play_time":266917,"minecraft:deaths":1,"minecraft:sneak_time":905,"minecraft:walk_under_water_one_cm":73183,"minecraft:jump":4674,"minecraft:walk_on_water_one_cm":48574,"minecraft:interact_with_smoker":1,"minecraft:total_world_time":266917,"minecraft:fall_one_cm":150261},"minecraft:killed":{"minecraft:pig":2,"rctmod:trainer":2,"cobblemon:pokemon":2},"minecraft:used":{"minecraft:stone_pickaxe":47,"minecraft:ladder":1,"minecraft:leather_chestplate":1,"minecraft:wooden_pickaxe":14,"minecraft:iron_helmet":1,"minecraft:stone_axe":9,"minecraft:beef":2,"minecraft:porkchop":3,"minecraft:egg":3,"minecraft:iron_leggings":1},"minecraft:mined":{"minecraft:ladder":1,"minecraft:tall_grass":3,"minecraft:copper_ore":5,"cobblemon:relic_coin_pouch":4,"minecraft:iron_ore":1,"minecraft:birch_leaves":2,"minecraft:grass":26,"minecraft:oak_log":6,"minecraft:sand":1,"minecraft:stone":22,"minecraft:oak_leaves":4,"minecraft:deepslate":9},"minecraft:picked_up":{"cobblemon:remedy":1,"minecraft:pink_petals":6,"minecraft:feather":2,"cobblemon:great_ball":8,"minecraft:chicken":3,"minecraft:ladder":1,"minecraft:suspicious_stew":1,"minecraft:salmon":1,"minecraft:brown_wool":3,"minecraft:leather":3,"minecraft:wooden_pickaxe":2,"minecraft:potion":1,"minecraft:oak_log":6,"cobblemon:medicinal_brew":2,"cobblemon:sharp_beak":1,"cobblemon:wepear_berry":1,"minecraft:string":1,"minecraft:raw_copper":15,"cobblemon:mystic_water":1,"cobblemon:kings_rock":1,"minecraft:wheat_seeds":1,"minecraft:cobbled_deepslate":9,"cobblemon:potion":2,"minecraft:beef":5,"minecraft:stone_pickaxe":1,"cobblemon:oran_berry":35,"cobblemon:relic_coin":26,"minecraft:rabbit":1,"minecraft:bamboo":1,"cobblemon:pep_up_flower":3,"minecraft:furnace":1,"minecraft:egg":4,"minecraft:stick":7,"minecraft:raw_iron":1,"cobblemon:spell_tag":1,"minecraft:sand":1,"cobblemon:premier_ball":9,"minecraft:porkchop":5,"cobblemon:pink_apricorn":1,"cobblemon:citrine_ball":13,"minecraft:slime_ball":2,"cobblemon:poke_ball":5,"minecraft:stone_axe":1,"minecraft:emerald":1,"cobblemon:touga_berry":1,"cobblemon:medicinal_leek":3,"cobblemon:verdant_ball":4,"minecraft:cobblestone":46},"minecraft:dropped":{"minecraft:iron_ingot":4,"minecraft:wheat_seeds":1,"minecraft:porkchop":2,"minecraft:cobbled_deepslate":9,"minecraft:raw_copper":15,"minecraft:chicken":1,"minecraft:apple":2,"minecraft:spruce_trapdoor":64,"minecraft:rabbit":1,"minecraft:brown_wool":2,"minecraft:bamboo":1,"minecraft:slime_ball":1,"minecraft:sand":1,"minecraft:wooden_pickaxe":1,"minecraft:string":1},"minecraft:killed_by":{"minecraft:skeleton":1},"minecraft:crafted":{"minecraft:oak_planks":24,"minecraft:wooden_pickaxe":1,"minecraft:stone_axe":1,"minecraft:stick":8,"minecraft:stone_pickaxe":1}},"DataVersion":3465}