{"stat.walkOneCm":103835,"stat.useItem.minecraft.bread":3,"stat.pickup.minecraft.bone":8,"stat.pickup.minecraft.golden_apple":1,"stat.pickup.minecraft.iron_nugget":3,"stat.leaveGame":2,"stat.pickup.minecraft.crafting_table":2,"stat.craftItem.minecraft.crafting_table":1,"stat.mineBlock.minecraft.double_plant":1,"stat.useItem.minecraft.apple":1,"stat.useItem.tombstone.lollipop":3,"stat.pickup.mod_lavacow.mimic_claw":4,"stat.pickup.mod_lavacow.cursed_fabric":2,"stat.pickup.minecraft.log":28,"stat.mineBlock.pvj.short_grass":3,"stat.jump":341,"stat.killEntity.SkeletonHorse":1,"stat.killEntity.mod_lavacow.mimic":2,"stat.killEntity.aoa3.nightfly":1,"stat.fallOneCm":10197,"stat.pickup.minecraft.beef":14,"stat.useItem.tombstone.gift":1,"stat.pickup.tombstone.crafting_ingredient":1,"stat.pickup.journey.floropedal":1,"stat.useItem.minecraft.stone_axe":18,"stat.pickup.iceandfire.silver_sword":1,"stat.crouchOneCm":187,"stat.pickup.minecraft.sapling":26,"stat.sprintOneCm":81451,"stat.useItem.minecraft.stone_slab2":4,"stat.pickup.minecraft.apple":4,"stat.craftItem.minecraft.stick":8,"stat.craftItem.minecraft.wooden_axe":1,"stat.craftingTableInteraction":4,"tombstone:eaten_lollipop":3,"stat.killEntity.journey.icemage":1,"stat.killEntity.Skeleton":1,"stat.entityKilledBy.aoa3.charger":1,"stat.pickup.tombstone.lollipop":3,"stat.craftItem.minecraft.planks":28,"stat.killEntity.journey.floro":1,"stat.craftItem.minecraft.stone_axe":1,"stat.damageTaken":1571,"stat.pickup.minecraft.leather":8,"stat.mineBlock.minecraft.crafting_table":2,"stat.pickup.minecraft.feather":1,"stat.pickup.minecraft.name_tag":1,"stat.pickup.minecraft.bread":3,"stat.mineBlock.minecraft.red_flower":1,"stat.craftItem.minecraft.stone_pickaxe":1,"stat.useItem.minecraft.wooden_pickaxe":59,"stat.killEntity.grimoireofgaia.harpy":1,"stat.pickup.aoa3.raw_charger_shank":1,"stat.mobKills":17,"stat.pickup.minecraft.cobblestone":60,"stat.mineBlock.minecraft.log":7,"stat.pickup.mod_lavacow.chitin":2,"stat.pickup.minecraft.dye":2,"stat.useItem.minecraft.beef":12,"stat.useItem.minecraft.golden_apple":1,"stat.flyOneCm":55391,"stat.killEntity.mod_lavacow.banshee":1,"stat.deaths":1,"tombstone:undead_killed":3,"stat.mineBlock.minecraft.leaves":2,"stat.pickup.minecraft.beetroot_seeds":3,"stat.playOneMinute":32279,"stat.killEntity.aoa3.bomb_carrier":1,"stat.pickup.minecraft.red_flower":1,"stat.sneakTime":137,"stat.killEntity.aoa3.charger":1,"stat.damageDealt":2270,"stat.pickup.aoa3.copper_coin":1,"stat.pickup.minecraft.redstone":4,"stat.sleepInBed":1,"stat.timeSinceDeath":11591,"stat.useItem.minecraft.wooden_axe":21,"stat.killEntity.Cow":6,"stat.pickup.mod_lavacow.intestine":1,"stat.craftItem.minecraft.wooden_pickaxe":1,"stat.mineBlock.minecraft.stone":60,"stat.mineBlock.minecraft.tallgrass":1,"stat.pickup.minecraft.chest":1}