{"stat.chestOpened":19,"stat.drop.minecraft.stone_pickaxe":1,"stat.pickup.minecraft.bone":16,"stat.killEntity.grimoireofgaia.banshee":1,"stat.pickup.botania.mushroom":2,"stat.pickup.journey.stonestick":2,"stat.leaveGame":2,"stat.mineBlock.aoa3.amethyst_ore":6,"stat.useItem.minecraft.apple":4,"stat.pickup.tombstone.familiar_stone":1,"stat.pickup.minecraft.gold_nugget":8,"stat.pickup.mod_lavacow.cursed_fabric":4,"stat.useItem.minecraft.rotten_flesh":2,"stat.mineBlock.pvj.short_grass":3,"stat.jump":1064,"stat.killEntity.SkeletonHorse":1,"stat.swimOneCm":3665,"stat.killEntity.aoa3.nightfly":2,"stat.pickup.minecraft.coal":67,"stat.pickup.minecraft.iron_helmet":1,"stat.craftItem.aoa3.amethyst_pickaxe":1,"stat.fallOneCm":26740,"stat.useItem.minecraft.planks":1,"stat.climbOneCm":440,"stat.drop.minecraft.stone":3,"stat.pickup.aoa3.jade_sword":1,"stat.mineBlock.minecraft.web":1,"stat.pickup.journey.floropedal":3,"stat.useItem.minecraft.stone_axe":98,"stat.pickup.iceandfire.silver_sword":2,"stat.crouchOneCm":1809,"stat.mineBlock.minecraft.chest":2,"stat.pickup.minecraft.spider_eye":1,"stat.craftItem.minecraft.chest":1,"stat.craftItem.minecraft.iron_ingot":135,"stat.craftItem.minecraft.torch":8,"stat.craftItem.minecraft.iron_helmet":1,"stat.useItem.minecraft.stone_slab2":15,"stat.pickup.minecraft.golden_leggings":1,"stat.craftingTableInteraction":15,"stat.pickup.minecraft.iron_ore":136,"stat.pickup.minecraft.rotten_flesh":4,"stat.killEntity.journey.icemage":1,"stat.craftItem.minecraft.furnace":3,"stat.pickup.aoa3.scrap_metal":2,"stat.pickup.journey.cavevine":4,"stat.drop.minecraft.golden_leggings":1,"stat.killEntity.journey.floro":2,"stat.pickup.minecraft.iron_axe":1,"stat.killEntity.journey.templeguardian":1,"stat.craftItem.minecraft.stone_axe":2,"stat.craftItem.minecraft.iron_boots":1,"stat.damageTaken":6563,"stat.pickup.minecraft.leather":20,"stat.pickup.minecraft.feather":2,"stat.pickup.pvj.spectral_wrappings":9,"stat.pickup.minecraft.name_tag":2,"stat.useItem.aoa3.jade_sword":58,"stat.useItem.aoa3.amethyst_pickaxe":7,"stat.mineBlock.minecraft.red_flower":1,"stat.craftItem.minecraft.stone_pickaxe":2,"stat.mineBlock.minecraft.torch":4,"stat.useItem.minecraft.wooden_pickaxe":59,"stat.pickup.minecraft.cobblestone":105,"stat.pickup.mod_lavacow.chitin":4,"stat.pickup.minecraft.dye":4,"stat.pickup.minecraft.planks":1,"stat.killEntity.CaveSpider":5,"stat.flyOneCm":169390,"tombstone:undead_killed":13,"stat.entityKilledBy.Zombie":1,"stat.killEntity.aoa3.bomb_carrier":1,"stat.useItem.minecraft.stone_pickaxe":236,"stat.killEntity.aoa3.charger":1,"stat.craftItem.minecraft.iron_leggings":1,"stat.damageDealt":11038,"stat.pickup.aoa3.runium_chunk":3,"stat.pickup.minecraft.redstone":9,"stat.mineBlock.minecraft.iron_ore":136,"stat.sleepInBed":1,"stat.timeSinceDeath":5479,"stat.pickup.iceandfire.silver_ingot":2,"stat.drop.journey.heartsml":1,"stat.killEntity.Silverfish":5,"stat.killEntity.Cow":11,"stat.pickup.journey.loot_pouch_diamond":1,"stat.pickup.mod_lavacow.intestine":1,"stat.useItem.minecraft.iron_pickaxe":11,"stat.craftItem.minecraft.wooden_pickaxe":1,"stat.pickup.fossil.plant_fossil":1,"stat.pickup.minecraft.mutton":20,"stat.pickup.aoa3.void_scales":1,"stat.mineBlock.aoa3.limonite_ore":5,"stat.pickup.minecraft.double_plant":1,"stat.pickup.aoa3.limonite_ore":5,"stat.walkOneCm":357023,"stat.useItem.minecraft.bread":3,"stat.useItem.minecraft.torch":3,"stat.pickup.minecraft.golden_apple":1,"stat.useItem.minecraft.chest":2,"stat.pickup.journey.heartsml":1,"stat.pickup.minecraft.iron_nugget":8,"stat.useItem.aoa3.raw_charger_shank":1,"stat.pickup.minecraft.wooden_axe":1,"stat.killEntity.pvj_shade":2,"stat.drop.pvj.spectral_wrappings":6,"stat.pickup.minecraft.crafting_table":3,"stat.craftItem.minecraft.crafting_table":2,"stat.furnaceInteraction":29,"stat.killEntity.grimoireofgaia.arachne":1,"stat.pickup.aoa3.runium_ore":1,"stat.mineBlock.minecraft.double_plant":1,"stat.craftItem.aoa3.limonite_ingot":3,"stat.killEntity.ZombieVillager":2,"stat.useItem.tombstone.lollipop":10,"stat.mineBlock.minecraft.coal_ore":69,"stat.pickup.mod_lavacow.mimic_claw":8,"stat.talkedToVillager":2,"stat.pickup.minecraft.log":28,"stat.pickup.minecraft.string":3,"stat.useItem.scalinghealth.heartcontainer":1,"stat.killEntity.mod_lavacow.mimic":2,"stat.pickup.minecraft.beef":26,"stat.useItem.tombstone.gift":1,"stat.useItem.minecraft.cooked_mutton":9,"stat.pickup.minecraft.furnace":1,"stat.pickup.tombstone.crafting_ingredient":5,"stat.entityKilledBy.Skeleton":1,"stat.craftItem.minecraft.stone_slab2":0,"stat.drop.aoa3.rosite_ingot":1,"stat.pickup.minecraft.stone":9,"stat.craftItem.minecraft.iron_chestplate":1,"stat.pickup.scalinghealth.heartcontainer":1,"stat.pickup.minecraft.sapling":52,"stat.sprintOneCm":276484,"stat.pickup.minecraft.apple":4,"stat.craftItem.minecraft.stick":20,"stat.craftItem.minecraft.wooden_axe":1,"stat.pickup.tombstone.magic_scroll":3,"tombstone:eaten_lollipop":10,"stat.drop.minecraft.furnace":1,"stat.killEntity.Skeleton":3,"stat.useItem.tombstone.magic_scroll":2,"stat.entityKilledBy.aoa3.charger":1,"stat.pickup.thaumcraft.ore_cinnabar":1,"stat.pickup.tombstone.lollipop":10,"stat.craftItem.minecraft.planks":112,"stat.mineBlock.minecraft.crafting_table":3,"stat.killEntity.Spider":2,"stat.mineBlock.aoa3.runium_ore":1,"stat.pickup.minecraft.bread":3,"stat.killEntity.grimoireofgaia.harpy":1,"stat.pickup.aoa3.raw_charger_shank":2,"stat.mobKills":62,"stat.mineBlock.minecraft.log":7,"stat.drop.tombstone.magic_scroll":2,"stat.entityKilledBy.Creeper":2,"stat.useItem.minecraft.beef":26,"stat.pickup.aoa3.rosite_ingot":1,"stat.useItem.minecraft.golden_apple":1,"stat.killEntity.mod_lavacow.banshee":1,"stat.deaths":6,"stat.mineBlock.minecraft.planks":1,"stat.drop":20,"stat.mineBlock.minecraft.leaves":4,"stat.pickup.minecraft.beetroot_seeds":6,"stat.playOneMinute":101498,"stat.pickup.minecraft.torch":11,"stat.killEntity.Sheep":15,"stat.pickup.minecraft.red_flower":2,"stat.mineBlock.minecraft.redstone_ore":1,"stat.sneakTime":849,"stat.craftItem.minecraft.iron_pickaxe":1,"stat.drop.aoa3.runium_chunk":3,"stat.pickup.minecraft.wool":15,"stat.pickup.aoa3.amethyst":6,"stat.pickup.aoa3.copper_coin":9,"stat.killEntity.aoa3.brute":1,"stat.drop.botania.mushroom":1,"stat.killEntity.Zombie":3,"stat.useItem.minecraft.wooden_axe":21,"stat.useItem.journey.floropedal":2,"stat.mineBlock.minecraft.stone":89,"stat.mineBlock.minecraft.tallgrass":2,"stat.craftItem.minecraft.cooked_mutton":20,"stat.diveOneCm":3159,"stat.pickup.minecraft.chest":3}