{"stats":{"minecraft:picked_up":{"minecraft:stick":6,"minecraft:raw_iron":1,"minecraft:leather":1,"minecraft:brown_wool":1,"minecraft:wooden_pickaxe":2,"minecraft:porkchop":3,"minecraft:oak_log":6,"minecraft:raw_copper":15,"minecraft:stone_axe":1,"cobblemon:potion":1,"minecraft:beef":2,"minecraft:stone_pickaxe":1,"cobblemon:oran_berry":5,"minecraft:cobblestone":46},"minecraft:dropped":{"minecraft:wooden_pickaxe":1},"minecraft:crafted":{"minecraft:oak_planks":24,"minecraft:stick":8,"minecraft:wooden_pickaxe":1,"minecraft:stone_pickaxe":1,"minecraft:stone_axe":1},"minecraft:custom":{"minecraft:time_since_rest":14863,"minecraft:sprint_one_cm":51068,"minecraft:damage_taken":482,"minecraft:walk_one_cm":37391,"minecraft:mob_kills":3,"minecraft:drop":1,"minecraft:damage_dealt":922,"minecraft:interact_with_crafting_table":2,"minecraft:swim_one_cm":55057,"minecraft:fly_one_cm":42415,"minecraft:player_kills":1,"minecraft:crouch_one_cm":383,"minecraft:play_time":27896,"minecraft:deaths":1,"minecraft:sneak_time":126,"minecraft:walk_under_water_one_cm":482,"minecraft:jump":201,"minecraft:walk_on_water_one_cm":1605,"minecraft:time_since_death":14811,"minecraft:total_world_time":27896,"minecraft:fall_one_cm":4209},"minecraft:mined":{"minecraft:iron_ore":1,"minecraft:grass":6,"minecraft:oak_log":6,"minecraft:copper_ore":5,"minecraft:tall_grass":1,"minecraft:stone":22,"minecraft:oak_leaves":1},"minecraft:killed":{"minecraft:pig":2,"cobblemon:pokemon":1},"minecraft:killed_by":{"minecraft:skeleton":1},"minecraft:used":{"minecraft:stone_pickaxe":14,"minecraft:wooden_pickaxe":14,"minecraft:stone_axe":6,"minecraft:beef":2,"minecraft:porkchop":3}},"DataVersion":3465}