{"stat.chestOpened":4,"stat.pickup.minecraft.bone":16,"stat.leaveGame":2,"stat.useItem.minecraft.apple":4,"stat.pickup.mod_lavacow.cursed_fabric":4,"stat.mineBlock.pvj.short_grass":3,"stat.jump":523,"stat.killEntity.SkeletonHorse":1,"stat.swimOneCm":216,"stat.killEntity.aoa3.nightfly":1,"stat.fallOneCm":16857,"stat.pickup.journey.floropedal":3,"stat.useItem.minecraft.stone_axe":29,"stat.pickup.iceandfire.silver_sword":2,"stat.crouchOneCm":187,"stat.mineBlock.minecraft.chest":2,"stat.craftItem.minecraft.chest":1,"stat.useItem.minecraft.stone_slab2":5,"stat.craftingTableInteraction":5,"stat.pickup.minecraft.rotten_flesh":2,"stat.killEntity.journey.icemage":1,"stat.killEntity.journey.floro":2,"stat.craftItem.minecraft.stone_axe":1,"stat.damageTaken":1979,"stat.pickup.minecraft.leather":16,"stat.pickup.minecraft.feather":2,"stat.pickup.minecraft.name_tag":2,"stat.mineBlock.minecraft.red_flower":1,"stat.craftItem.minecraft.stone_pickaxe":1,"stat.useItem.minecraft.wooden_pickaxe":59,"stat.pickup.minecraft.cobblestone":60,"stat.pickup.mod_lavacow.chitin":4,"stat.pickup.minecraft.dye":4,"stat.killEntity.CaveSpider":1,"stat.flyOneCm":104726,"tombstone:undead_killed":4,"stat.killEntity.aoa3.bomb_carrier":1,"stat.killEntity.aoa3.charger":1,"stat.damageDealt":2925,"stat.pickup.minecraft.redstone":4,"stat.sleepInBed":1,"stat.timeSinceDeath":19610,"stat.killEntity.Cow":8,"stat.pickup.mod_lavacow.intestine":1,"stat.craftItem.minecraft.wooden_pickaxe":1,"stat.pickup.minecraft.double_plant":1,"stat.walkOneCm":126217,"stat.useItem.minecraft.bread":3,"stat.pickup.minecraft.golden_apple":1,"stat.useItem.minecraft.chest":1,"stat.pickup.minecraft.iron_nugget":6,"stat.pickup.minecraft.crafting_table":2,"stat.craftItem.minecraft.crafting_table":1,"stat.mineBlock.minecraft.double_plant":1,"stat.useItem.tombstone.lollipop":3,"stat.pickup.mod_lavacow.mimic_claw":8,"stat.talkedToVillager":2,"stat.pickup.minecraft.log":28,"stat.killEntity.mod_lavacow.mimic":2,"stat.pickup.minecraft.beef":16,"stat.useItem.tombstone.gift":1,"stat.pickup.tombstone.crafting_ingredient":3,"stat.pickup.minecraft.sapling":52,"stat.sprintOneCm":129441,"stat.pickup.minecraft.apple":4,"stat.craftItem.minecraft.stick":8,"stat.craftItem.minecraft.wooden_axe":1,"tombstone:eaten_lollipop":3,"stat.killEntity.Skeleton":1,"stat.entityKilledBy.aoa3.charger":1,"stat.pickup.tombstone.lollipop":3,"stat.craftItem.minecraft.planks":28,"stat.mineBlock.minecraft.crafting_table":2,"stat.pickup.minecraft.bread":3,"stat.killEntity.grimoireofgaia.harpy":1,"stat.pickup.aoa3.raw_charger_shank":2,"stat.mobKills":22,"stat.mineBlock.minecraft.log":7,"stat.useItem.minecraft.beef":14,"stat.useItem.minecraft.golden_apple":1,"stat.killEntity.mod_lavacow.banshee":1,"stat.deaths":1,"stat.mineBlock.minecraft.leaves":2,"stat.pickup.minecraft.beetroot_seeds":6,"stat.playOneMinute":40298,"stat.pickup.minecraft.red_flower":2,"stat.sneakTime":137,"stat.pickup.aoa3.copper_coin":2,"stat.killEntity.Zombie":1,"stat.useItem.minecraft.wooden_axe":21,"stat.mineBlock.minecraft.stone":60,"stat.mineBlock.minecraft.tallgrass":2,"stat.diveOneCm":1696,"stat.pickup.minecraft.chest":3}