{"stat.chestOpened":4,"stat.pickup.minecraft.bone":16,"stat.killEntity.grimoireofgaia.banshee":1,"stat.pickup.botania.mushroom":2,"stat.pickup.journey.stonestick":2,"stat.leaveGame":2,"stat.mineBlock.aoa3.amethyst_ore":6,"stat.useItem.minecraft.apple":4,"stat.pickup.minecraft.gold_nugget":8,"stat.pickup.mod_lavacow.cursed_fabric":4,"stat.useItem.minecraft.rotten_flesh":2,"stat.mineBlock.pvj.short_grass":3,"stat.jump":868,"stat.killEntity.SkeletonHorse":1,"stat.swimOneCm":3083,"stat.killEntity.aoa3.nightfly":2,"stat.pickup.minecraft.coal":67,"stat.fallOneCm":23095,"stat.useItem.minecraft.planks":1,"stat.climbOneCm":388,"stat.drop.minecraft.stone":3,"stat.pickup.journey.floropedal":3,"stat.useItem.minecraft.stone_axe":97,"stat.pickup.iceandfire.silver_sword":2,"stat.crouchOneCm":1238,"stat.mineBlock.minecraft.chest":2,"stat.craftItem.minecraft.chest":1,"stat.craftItem.minecraft.iron_ingot":3,"stat.useItem.minecraft.stone_slab2":13,"stat.craftingTableInteraction":10,"stat.pickup.minecraft.iron_ore":135,"stat.pickup.minecraft.rotten_flesh":2,"stat.killEntity.journey.icemage":1,"stat.craftItem.minecraft.furnace":2,"stat.pickup.aoa3.scrap_metal":2,"stat.pickup.journey.cavevine":1,"stat.killEntity.journey.floro":2,"stat.craftItem.minecraft.stone_axe":2,"stat.damageTaken":3562,"stat.pickup.minecraft.leather":20,"stat.pickup.minecraft.feather":2,"stat.pickup.pvj.spectral_wrappings":6,"stat.pickup.minecraft.name_tag":2,"stat.mineBlock.minecraft.red_flower":1,"stat.craftItem.minecraft.stone_pickaxe":2,"stat.mineBlock.minecraft.torch":2,"stat.useItem.minecraft.wooden_pickaxe":59,"stat.pickup.minecraft.cobblestone":88,"stat.pickup.mod_lavacow.chitin":4,"stat.pickup.minecraft.dye":4,"stat.killEntity.CaveSpider":1,"stat.flyOneCm":144936,"tombstone:undead_killed":8,"stat.killEntity.aoa3.bomb_carrier":1,"stat.useItem.minecraft.stone_pickaxe":236,"stat.killEntity.aoa3.charger":1,"stat.damageDealt":7038,"stat.pickup.minecraft.redstone":4,"stat.mineBlock.minecraft.iron_ore":135,"stat.sleepInBed":1,"stat.timeSinceDeath":30234,"stat.killEntity.Silverfish":5,"stat.killEntity.Cow":11,"stat.pickup.journey.loot_pouch_diamond":1,"stat.pickup.mod_lavacow.intestine":1,"stat.useItem.minecraft.iron_pickaxe":11,"stat.craftItem.minecraft.wooden_pickaxe":1,"stat.pickup.minecraft.mutton":20,"stat.pickup.aoa3.void_scales":1,"stat.mineBlock.aoa3.limonite_ore":5,"stat.pickup.minecraft.double_plant":1,"stat.pickup.aoa3.limonite_ore":5,"stat.walkOneCm":257662,"stat.useItem.minecraft.bread":3,"stat.pickup.minecraft.golden_apple":1,"stat.useItem.minecraft.chest":1,"stat.pickup.minecraft.iron_nugget":6,"stat.useItem.aoa3.raw_charger_shank":1,"stat.killEntity.pvj_shade":2,"stat.drop.pvj.spectral_wrappings":6,"stat.pickup.minecraft.crafting_table":3,"stat.craftItem.minecraft.crafting_table":2,"stat.furnaceInteraction":5,"stat.pickup.aoa3.runium_ore":1,"stat.mineBlock.minecraft.double_plant":1,"stat.killEntity.ZombieVillager":1,"stat.useItem.tombstone.lollipop":7,"stat.mineBlock.minecraft.coal_ore":69,"stat.pickup.mod_lavacow.mimic_claw":8,"stat.talkedToVillager":2,"stat.pickup.minecraft.log":28,"stat.killEntity.mod_lavacow.mimic":2,"stat.pickup.minecraft.beef":26,"stat.useItem.tombstone.gift":1,"stat.pickup.tombstone.crafting_ingredient":5,"stat.craftItem.minecraft.stone_slab2":0,"stat.drop.aoa3.rosite_ingot":1,"stat.pickup.minecraft.stone":3,"stat.pickup.minecraft.sapling":52,"stat.sprintOneCm":219266,"stat.pickup.minecraft.apple":4,"stat.craftItem.minecraft.stick":16,"stat.craftItem.minecraft.wooden_axe":1,"stat.pickup.tombstone.magic_scroll":2,"tombstone:eaten_lollipop":7,"stat.killEntity.Skeleton":1,"stat.entityKilledBy.aoa3.charger":1,"stat.pickup.tombstone.lollipop":7,"stat.craftItem.minecraft.planks":112,"stat.mineBlock.minecraft.crafting_table":3,"stat.killEntity.Spider":2,"stat.mineBlock.aoa3.runium_ore":1,"stat.pickup.minecraft.bread":3,"stat.killEntity.grimoireofgaia.harpy":1,"stat.pickup.aoa3.raw_charger_shank":2,"stat.mobKills":53,"stat.mineBlock.minecraft.log":7,"stat.drop.tombstone.magic_scroll":1,"stat.entityKilledBy.Creeper":1,"stat.useItem.minecraft.beef":26,"stat.pickup.aoa3.rosite_ingot":1,"stat.useItem.minecraft.golden_apple":1,"stat.killEntity.mod_lavacow.banshee":1,"stat.deaths":2,"stat.drop":12,"stat.mineBlock.minecraft.leaves":4,"stat.pickup.minecraft.beetroot_seeds":6,"stat.playOneMinute":76298,"stat.pickup.minecraft.torch":3,"stat.killEntity.Sheep":15,"stat.pickup.minecraft.red_flower":2,"stat.sneakTime":643,"stat.craftItem.minecraft.iron_pickaxe":1,"stat.pickup.minecraft.wool":15,"stat.pickup.aoa3.amethyst":6,"stat.pickup.aoa3.copper_coin":3,"stat.killEntity.aoa3.brute":1,"stat.drop.botania.mushroom":1,"stat.killEntity.Zombie":1,"stat.useItem.minecraft.wooden_axe":21,"stat.useItem.journey.floropedal":2,"stat.mineBlock.minecraft.stone":89,"stat.mineBlock.minecraft.tallgrass":2,"stat.diveOneCm":3159,"stat.pickup.minecraft.chest":3}