{"stats":{"minecraft:mined":{"minecraft:grass":16,"minecraft:grass_block":4,"minecraft:vine":2,"minecraft:sand":2,"minecraft:dirt":3,"minecraft:oak_leaves":3,"minecraft:fern":3},"minecraft:custom":{"minecraft:time_since_rest":7387,"minecraft:crouch_one_cm":43,"minecraft:play_time":24194,"minecraft:sprint_one_cm":80252,"minecraft:deaths":1,"minecraft:damage_taken":1101,"minecraft:walk_one_cm":72380,"minecraft:sneak_time":55,"minecraft:walk_under_water_one_cm":11782,"minecraft:jump":674,"minecraft:damage_dealt":494,"minecraft:leave_game":1,"minecraft:time_since_death":7353,"minecraft:walk_on_water_one_cm":16783,"minecraft:total_world_time":24194,"minecraft:climb_one_cm":577,"minecraft:swim_one_cm":6747,"minecraft:fly_one_cm":132844,"minecraft:fall_one_cm":25706},"minecraft:used":{"minecraft:dirt":7,"minecraft:sand":1},"minecraft:picked_up":{"cobblemon:white_apricorn":3,"cobblemon:yellow_apricorn":10,"minecraft:wheat_seeds":6,"cobblemon:white_apricorn_seed":1,"cobblemon:roseate_ball":7,"minecraft:sand":2,"cobblemon:yellow_apricorn_seed":2,"minecraft:dirt":8}},"DataVersion":3465}