{"stats":{"minecraft:crafted":{"minecraft:oak_planks":20,"minecraft:crafting_table":1,"minecraft:stick":8,"minecraft:wooden_pickaxe":1,"minecraft:stone_pickaxe":1,"minecraft:copper_ingot":9,"minecraft:stone_axe":1,"cobblemon:citrine_ball":4,"minecraft:air":0},"minecraft:dropped":{"minecraft:raw_copper":39,"cobblemon:poke_ball":10,"simpletms:tr_rocktomb":1,"minecraft:raw_iron":1,"cobblemon:citrine_ball":2,"minecraft:coal":9},"minecraft:mined":{"minecraft:iron_ore":1,"cobblemon:apricorn_leaves":24,"minecraft:grass":4,"minecraft:grass_block":7,"minecraft:coal_ore":9,"minecraft:oak_log":5,"minecraft:dirt":2,"minecraft:copper_ore":11,"minecraft:cobblestone":6,"minecraft:stone":20,"minecraft:oak_leaves":2},"minecraft:custom":{"minecraft:time_since_rest":89737,"minecraft:sprint_one_cm":377073,"minecraft:interact_with_furnace":1,"minecraft:damage_taken":899,"minecraft:walk_one_cm":141510,"minecraft:mob_kills":3,"minecraft:drop":8,"minecraft:damage_dealt":867,"minecraft:swim_one_cm":101210,"minecraft:interact_with_crafting_table":3,"minecraft:fly_one_cm":278895,"minecraft:crouch_one_cm":567,"minecraft:play_time":104654,"minecraft:deaths":2,"minecraft:sneak_time":244,"minecraft:walk_under_water_one_cm":8124,"minecraft:jump":1328,"minecraft:leave_game":5,"minecraft:time_since_death":89710,"minecraft:walk_on_water_one_cm":20818,"minecraft:climb_one_cm":465,"minecraft:total_world_time":104654,"minecraft:fall_one_cm":31676},"minecraft:killed_by":{"minecraft:skeleton":1,"minecraft:zombie":1},"minecraft:used":{"minecraft:stone_pickaxe":51,"minecraft:brown_wool":1,"minecraft:wooden_pickaxe":14,"cobblemon:pc":1,"minecraft:stone_axe":3,"minecraft:dirt":9,"minecraft:cobblestone":6,"minecraft:crafting_table":1,"minecraft:oak_sapling":2},"minecraft:killed":{"minecraft:pig":1,"rctmod:trainer":1,"cobblemon:pokemon":1},"minecraft:picked_up":{"minecraft:stick":1,"minecraft:raw_iron":1,"minecraft:air":0,"cobblemon:great_ball":2,"minecraft:rabbit_stew":1,"cobblemon:yellow_apricorn":4,"minecraft:brown_wool":2,"minecraft:porkchop":2,"minecraft:mushroom_stew":1,"cobblemon:yellow_apricorn_seed":2,"cobblemon:medicinal_brew":1,"minecraft:oak_log":5,"cobblemon:persim_berry":10,"minecraft:dirt":9,"minecraft:raw_copper":39,"minecraft:bone":2,"minecraft:stone_axe":1,"minecraft:stone_pickaxe":1,"cobblemon:oran_berry":10,"minecraft:oak_sapling":2,"cobblemon:pep_up_flower":3,"simpletms:tr_rocktomb":1,"minecraft:glow_berries":2,"minecraft:oak_planks":10,"cobblemon:verdant_ball":1,"minecraft:coal":9,"minecraft:white_wool":1,"minecraft:cobblestone":26}},"DataVersion":3465}