{"stats":{"minecraft:custom":{"minecraft:interact_with_furnace":6,"minecraft:mob_kills":5,"minecraft:interact_with_crafting_table":8,"minecraft:leave_game":10,"minecraft:time_since_death":15736,"minecraft:climb_one_cm":465,"minecraft:time_since_rest":15760,"minecraft:waystone_activated":1,"minecraft:sprint_one_cm":578824,"minecraft:damage_taken":1737,"minecraft:walk_one_cm":222991,"minecraft:drop":12,"minecraft:damage_dealt":1578,"minecraft:swim_one_cm":104785,"minecraft:fly_one_cm":507698,"minecraft:open_chest":5,"minecraft:crouch_one_cm":2014,"minecraft:play_time":178182,"minecraft:deaths":3,"minecraft:sneak_time":660,"minecraft:walk_under_water_one_cm":11019,"minecraft:jump":2481,"minecraft:walk_on_water_one_cm":23572,"minecraft:total_world_time":178182,"minecraft:fall_one_cm":72007},"minecraft:killed":{"rctmod:trainer":1,"minecraft:pig":1,"cobblemon:pokemon":3},"minecraft:used":{"minecraft:stone_pickaxe":98,"minecraft:wooden_pickaxe":14,"minecraft:torch":5,"minecraft:dirt":9,"minecraft:crafting_table":2,"minecraft:brown_wool":1,"minecraft:iron_pickaxe":3,"cobblemon:pc":2,"minecraft:stone_axe":3,"minecraft:cobblestone":13,"minecraft:oak_sapling":2,"minecraft:bucket":1},"minecraft:mined":{"minecraft:deepslate_diamond_ore":3,"minecraft:clay":3,"cobblemon:apricorn_leaves":25,"minecraft:torch":1,"minecraft:grass_block":7,"minecraft:copper_ore":11,"minecraft:cobblestone":6,"minecraft:iron_ore":4,"minecraft:grass":19,"minecraft:oak_log":5,"minecraft:coal_ore":9,"minecraft:deepslate_iron_ore":14,"minecraft:dirt":2,"minecraft:stone":27,"minecraft:oak_leaves":13,"minecraft:deepslate":2},"minecraft:dropped":{"minecraft:wheat_seeds":1,"minecraft:raw_copper":39,"minecraft:raw_iron":1,"cobblemon:yellow_apricorn":2,"minecraft:coal":9,"cobblemon:poke_ball":10,"simpletms:tr_rocktomb":1,"minecraft:oak_sapling":1,"cobblemon:citrine_ball":2},"minecraft:picked_up":{"cobblemon:remedy":1,"minecraft:air":0,"cobblemon:great_ball":18,"minecraft:clay_ball":8,"minecraft:rabbit_stew":2,"cobblemon:yellow_apricorn":8,"minecraft:brown_wool":2,"cobblemon:roseate_ball":22,"minecraft:mushroom_stew":4,"minecraft:oak_log":5,"cobblemon:medicinal_brew":2,"simpletms:tr_return":1,"minecraft:dirt":9,"minecraft:raw_copper":39,"cobblemon:white_apricorn":7,"minecraft:bone":4,"minecraft:wheat_seeds":3,"minecraft:cobbled_deepslate":2,"cobblemon:potion":2,"cobblemon:white_apricorn_seed":1,"minecraft:stone_pickaxe":2,"cobblemon:oran_berry":22,"minecraft:poppy":2,"cobblemon:pep_up_flower":6,"minecraft:oak_planks":20,"simpletms:tr_uturn":1,"minecraft:egg":2,"cobblemon:azure_ball":11,"minecraft:stick":1,"minecraft:raw_iron":18,"minecraft:copper_ingot":8,"minecraft:torch":6,"minecraft:porkchop":3,"cobblemon:yellow_apricorn_seed":2,"cobblemon:persim_berry":20,"cobblemon:citrine_ball":12,"minecraft:diamond":3,"minecraft:stone_axe":1,"minecraft:emerald":2,"minecraft:oak_sapling":3,"simpletms:tr_rocktomb":1,"minecraft:glow_berries":6,"cobblemon:verdant_ball":1,"minecraft:coal":9,"minecraft:white_wool":2,"minecraft:cobblestone":43},"minecraft:killed_by":{"minecraft:skeleton":1,"minecraft:zombie":1},"minecraft:crafted":{"minecraft:oak_planks":20,"minecraft:crafting_table":2,"minecraft:wooden_pickaxe":1,"minecraft:copper_ingot":9,"minecraft:stone_axe":1,"minecraft:air":0,"minecraft:stick":12,"minecraft:iron_ingot":4,"minecraft:iron_pickaxe":1,"minecraft:stone_pickaxe":1,"minecraft:torch":8,"cobblemon:citrine_ball":4}},"DataVersion":3465}