{"stat.useItem.minecraft.bow":2,"stat.craftItem.iceandfire.silver_sword":1,"stat.leaveGame":15,"stat.useItem.mod_lavacow.parasite_item":1,"stat.mineBlock.pvj.flouropore":1,"stat.mineBlock.minecraft.sandstone":6,"stat.entityKilledBy.journey.wraith":1,"stat.craftItem.minecraft.shield":3,"stat.useItem.minecraft.planks":8,"stat.mineBlock.minecraft.web":2,"stat.pickup.minecraft.porkchop":2,"stat.pickup.journey.ancientpiece_2":1,"stat.pickup.minecraft.rotten_flesh":12,"stat.entityKilledBy.aoa3.clown":1,"stat.pickup.aoa3.scrap_metal":1,"stat.pickup.mod_lavacow.parasite_item":1,"stat.craftItem.minecraft.stone_axe":1,"stat.pickup.journey.demonicbone":3,"stat.pickup.pvj.spectral_wrappings":1,"stat.pickup.minecraft.name_tag":1,"stat.pickup.journey.loot_pouch_gold":1,"stat.killEntity.journey.bluehonglow":1,"stat.pickup.minecraft.chainmail_chestplate":5,"stat.craftItem.iceandfire.silver_ingot":2,"stat.pickup.journey.loot_pouch_diamond":1,"stat.useItem.minecraft.iron_pickaxe":125,"stat.craftItem.minecraft.wooden_pickaxe":1,"stat.pickup.minecraft.double_plant":3,"stat.pickup.pvj.marble":2,"stat.furnaceInteraction":55,"stat.useItem.tombstone.lollipop":6,"stat.craftItem.journey.demonicdust":5,"stat.pickup.journey.floroseeds":1,"stat.killEntity.mod_lavacow.mimic":1,"stat.pickup.minecraft.furnace":4,"stat.useItem.minecraft.cooked_mutton":7,"stat.pickup.tombstone.magic_scroll":2,"stat.pickup.thaumcraft.crystal_essence":22,"stat.pickup.thaumcraft.nugget":1,"stat.useItem.journey.hongoshroom":2,"stat.deaths":11,"stat.mineBlock.pvj.marble":2,"stat.playOneMinute":128458,"stat.craftItem.minecraft.iron_pickaxe":1,"stat.drop.tombstone.lollipop":1,"stat.drop.minecraft.iron_ingot":3,"stat.mineBlock.minecraft.tallgrass":12,"stat.craftItem.minecraft.cooked_mutton":5,"stat.pickup.minecraft.cooked_mutton":2,"stat.chestOpened":26,"stat.pickup.botania.mushroom":1,"stat.useItem.minecraft.stone":15,"stat.pickup.minecraft.arrow":15,"stat.pickup.minecraft.iron_sword":1,"stat.useItem.journey.cookedrocmeat":2,"stat.pickup.minecraft.gold_nugget":12,"stat.drop.minecraft.iron_pickaxe":1,"stat.mineBlock.botania.mushroom":1,"stat.useItem.mocreatures.crabcooked":1,"stat.fallOneCm":21461,"stat.pickup.botania.lexicon":1,"stat.drop.minecraft.stone_sword":1,"stat.pickup.minecraft.melon_seeds":1,"stat.killEntity.aoa3.scrubby":1,"stat.crouchOneCm":10293,"stat.craftItem.minecraft.iron_ingot":40,"stat.useItem.mod_lavacow.mimic_claw_cooked":2,"stat.drop.minecraft.slime_ball":1,"stat.craftingTableInteraction":25,"stat.pickup.iceandfire.silver_ore":2,"stat.craftItem.journey.cookedrocmeat":2,"stat.pickup.minecraft.planks":2,"stat.craftItem.aoa3.jade_sword":1,"stat.useItem.minecraft.stone_pickaxe":74,"stat.killEntity.aoa3.charger":1,"stat.craftItem.minecraft.iron_leggings":1,"stat.mineBlock.minecraft.dirt":31,"stat.pickup.minecraft.chainmail_boots":2,"stat.useItem.minecraft.torch":43,"stat.useItem.minecraft.bread":1,"stat.pickup.minecraft.iron_nugget":6,"stat.mineBlock.iceandfire.silver_ore":2,"stat.drop.minecraft.rotten_flesh":7,"stat.pickup.minecraft.crafting_table":2,"stat.useItem.minecraft.cobblestone":45,"stat.craftItem.minecraft.crafting_table":1,"stat.pickup.minecraft.log":20,"stat.pickup.minecraft.iron_pickaxe":1,"stat.pickup.minecraft.sapling":38,"stat.pickup.minecraft.apple":2,"stat.drop.thaumcraft.nugget":1,"stat.craftItem.aoa3.charger_shank":1,"stat.craftItem.minecraft.planks":72,"stat.useItem.minecraft.iron_sword":98,"stat.pickup.minecraft.stone_sword":1,"stat.craftItem.journey.demonicsword":1,"stat.pickup.aoa3.raw_charger_shank":1,"stat.mineBlock.minecraft.log":10,"stat.craftItem.minecraft.cooked_chicken":1,"stat.killEntity.journey.wraith":1,"stat.killEntity.pvj_ghost":1,"stat.pickup.minecraft.red_flower":1,"stat.sneakTime":4272,"stat.pickup.minecraft.wool":10,"stat.killEntity.journey.robot":3,"stat.pickup.aoa3.copper_coin":2,"stat.useItem.minecraft.wooden_axe":31,"stat.drop.minecraft.wooden_axe":1,"stat.pickup.minecraft.chest":1,"stat.drop.minecraft.stone_pickaxe":1,"stat.craftItem.mocreatures.crabcooked":1,"stat.pickup.minecraft.bone":21,"stat.horseOneCm":4792,"stat.killEntity.journey.bighongo":1,"stat.mineBlock.minecraft.cobblestone":4,"stat.pickup.minecraft.stone_pickaxe":2,"stat.pickup.minecraft.flint":5,"stat.mineBlock.pvj.short_grass":10,"stat.pickup.journey.demonicsword":2,"stat.swimOneCm":5130,"stat.climbOneCm":287,"stat.killEntity.journey.redhonglow":1,"stat.useItem.minecraft.dirt":29,"stat.useItem.minecraft.stone_slab2":19,"stat.pickup.minecraft.bow":2,"stat.killEntity.journey.icemage":1,"stat.pickup.minecraft.diamond_horse_armor":1,"stat.craftItem.minecraft.furnace":2,"stat.pickup.journey.redhonglowshroom":2,"stat.craftItem.minecraft.iron_boots":1,"stat.craftItem.minecraft.stone_pickaxe":1,"stat.pickup.minecraft.cobblestone":115,"stat.useItem.journey.redhonglowshroom":1,"stat.flyOneCm":152727,"stat.pickup.minecraft.sandstone":3,"stat.killEntity.ZombieHorse":1,"stat.pickup.journey.hongoshroom":2,"stat.drop.minecraft.chainmail_chestplate":1,"stat.useItem.aoa3.charger_shank":1,"stat.mineBlock.minecraft.iron_ore":40,"stat.timeSinceDeath":6135,"stat.pickup.journey.tomatoseeds":1,"stat.pickup.minecraft.mutton":16,"stat.killEntity.mod_lavacow.parasite":1,"stat.pickup.minecraft.wooden_axe":1,"stat.useItem.minecraft.cooked_porkchop":2,"stat.mineBlock.minecraft.coal_ore":36,"stat.useItem.journey.bluehonglowshroom":2,"stat.talkedToVillager":5,"stat.pickup.minecraft.string":4,"stat.drop.journey.floroseeds":1,"stat.pickup.tombstone.crafting_ingredient":3,"stat.entityKilledBy.Skeleton":2,"stat.craftItem.minecraft.stone_slab2":0,"stat.useItem.minecraft.written_book":1,"stat.sprintOneCm":183442,"stat.craftItem.minecraft.stick":72,"stat.craftItem.minecraft.wooden_axe":1,"stat.pickup.tombstone.lollipop":7,"stat.mineBlock.minecraft.crafting_table":2,"stat.mineBlock.minecraft.planks":2,"stat.drop":25,"stat.mineBlock.thaumcraft.crystal_aqua":4,"stat.killEntity.Sheep":12,"stat.pickup.minecraft.slime_ball":1,"stat.killEntity.mocreatures:butterfly":1,"stat.killEntity.Zombie":6,"stat.pickup.iceandfire.chared_dirt":1,"stat.diveOneCm":16854,"stat.killEntity.aoa3.goalby":1,"stat.craftItem.minecraft.cooked_porkchop":2,"stat.drop.journey.demonicsword":1,"stat.useItem.minecraft.apple":2,"stat.useItem.iceandfire.silver_sword":15,"stat.mineBlock.pvj.redwood_twigs":2,"stat.useItem.journey.demonicsword":132,"stat.useItem.minecraft.rotten_flesh":5,"stat.jump":1437,"stat.killEntity.SkeletonHorse":1,"stat.pickup.minecraft.coal":106,"stat.pickup.minecraft.iron_ingot":6,"stat.useItem.minecraft.stone_axe":5,"stat.entityKilledBy.CaveSpider":4,"stat.craftItem.minecraft.torch":72,"stat.pickup.minecraft.dirt":31,"stat.craftItem.minecraft.iron_helmet":1,"stat.killEntity.journey.turducken":1,"stat.drop.minecraft.bed":1,"stat.useItem.minecraft.cooked_chicken":1,"stat.pickup.minecraft.iron_ore":40,"stat.useItem.minecraft.sapling":6,"stat.damageTaken":7597,"stat.mineBlock.minecraft.torch":3,"stat.mineBlock.minecraft.furnace":4,"stat.pickup.minecraft.written_book":2,"stat.useItem.minecraft.wooden_pickaxe":59,"stat.mineBlock.minecraft.sapling":1,"stat.pickup.minecraft.bed":1,"stat.killEntity.grimoireofgaia.yuki-onna":1,"tombstone:undead_killed":24,"stat.useItem.tombstone.grave_key":4,"stat.craftItem.mod_lavacow.mimic_claw_cooked":2,"stat.entityKilledBy.Zombie":2,"stat.damageDealt":12305,"stat.pickup.iceandfire.chared_grass":1,"stat.sleepInBed":1,"stat.pickup.journey.rocmeat":1,"stat.killEntity.Pig":2,"stat.craftItem.minecraft.iron_sword":1,"stat.walkOneCm":430723,"stat.playerKills":2,"stat.pickup.minecraft.stick":11,"stat.pickup.journey.heartsml":1,"stat.pickup.mod_lavacow.mimic_claw":2,"stat.killEntity.pvj_skeletal_knight":1,"stat.useItem.scalinghealth.heartcontainer":1,"stat.drop.botania.blacklotus":1,"stat.useItem.tombstone.gift":1,"stat.pickup.minecraft.stone":31,"stat.craftItem.minecraft.iron_chestplate":1,"stat.pickup.scalinghealth.heartcontainer":1,"stat.killEntity.aoa3.clown":1,"tombstone:eaten_lollipop":6,"stat.killEntity.Skeleton":13,"stat.pickup.journey.bluegem":3,"stat.pickup.journey.bluehonglowshroom":2,"stat.pickup.minecraft.bread":3,"stat.mobKills":60,"stat.pickup.journey.luniumingot":3,"stat.drop.tombstone.magic_scroll":1,"stat.drop.botania.lexicon":1,"stat.drop.minecraft.written_book":1,"stat.useItem.minecraft.golden_apple":2,"stat.mineBlock.minecraft.leaves":2,"stat.pickup.journey.stoneclump":4,"stat.pickup.minecraft.torch":3,"stat.useItem.pvj.marble":1,"stat.mineBlock.minecraft.stone":129}