{"stat.useItem.minecraft.bow":2,"stat.pickup.minecraft.wooden_slab":1,"stat.craftItem.iceandfire.silver_sword":1,"stat.leaveGame":15,"stat.killEntity.aoa3.sasquatch":1,"stat.mineBlock.thaumcraft.ore_quartz":1,"stat.useItem.mod_lavacow.parasite_item":1,"stat.pickup.grimoireofgaia.misc_soul_fire":1,"stat.mineBlock.pvj.flouropore":2,"stat.mineBlock.minecraft.sandstone":6,"stat.entityKilledBy.journey.wraith":1,"stat.craftItem.minecraft.shield":4,"stat.useItem.minecraft.planks":149,"stat.mineBlock.minecraft.web":4,"stat.pickup.aoa3.jade_sword":1,"stat.pickup.minecraft.porkchop":2,"stat.pickup.journey.ancientpiece_2":2,"stat.mineBlock.minecraft.red_sandstone":1,"stat.pickup.journey.demonicdust":4,"stat.mineBlock.pvj.cobblestone_rocks":2,"stat.entityKilledBy.mod_lavacow.mimic":1,"stat.pickup.minecraft.rotten_flesh":25,"stat.entityKilledBy.aoa3.clown":1,"stat.pickup.aoa3.scrap_metal":1,"stat.pickup.mod_lavacow.parasite_item":1,"stat.pickup.journey.cavevine":6,"stat.entityKilledBy.Spider":1,"stat.entityKilledBy.kingspider2":1,"stat.entityKilledBy.kingspider3":1,"stat.craftItem.minecraft.stone_axe":1,"stat.pickup.journey.demonicbone":3,"stat.pickup.pvj.spectral_wrappings":1,"stat.pickup.minecraft.name_tag":5,"stat.pickup.journey.loot_pouch_gold":1,"stat.killEntity.kingspider2":1,"stat.pickup.minecraft.bucket":1,"stat.killEntity.kingspider3":1,"stat.mineBlock.minecraft.wooden_slab":1,"stat.mineBlock.fossil.iced_stone":2,"stat.killEntity.journey.bluehonglow":1,"stat.pickup.minecraft.chainmail_chestplate":5,"stat.pickup.minecraft.brown_mushroom":2,"stat.useItem.mod_lavacow.mimic_claw":1,"stat.pickup.aoa3.runium_chunk":4,"stat.craftItem.iceandfire.silver_ingot":2,"stat.pickup.journey.loot_pouch_diamond":2,"stat.useItem.minecraft.iron_pickaxe":492,"stat.drop.minecraft.golden_sword":1,"stat.craftItem.minecraft.wooden_pickaxe":1,"stat.pickup.minecraft.double_plant":3,"stat.trappedChestTriggered":3,"stat.pickup.pvj.marble":2,"stat.furnaceInteraction":113,"stat.useItem.tombstone.lollipop":13,"stat.craftItem.journey.demonicdust":5,"stat.pickup.journey.floroseeds":1,"stat.killEntity.mod_lavacow.mimic":2,"stat.pickup.minecraft.beef":5,"stat.pickup.minecraft.furnace":12,"stat.useItem.minecraft.cooked_mutton":19,"stat.pickup.aoa3.carved_rune_travel":1,"stat.pickup.minecraft.iron_chestplate":4,"stat.pickup.tombstone.magic_scroll":2,"stat.pickup.mowziesmobs.wrought_helmet":2,"stat.pickup.mca.rose_gold_ore":1,"stat.killEntity.Horse":1,"stat.mineBlock.minecraft.fence":2,"stat.pickup.thaumcraft.crystal_essence":92,"stat.pickup.thaumcraft.nugget":20,"stat.pickup.minecraft.saddle":1,"stat.useItem.journey.hongoshroom":2,"stat.pickup.aoa3.rosite_ingot":4,"stat.entityKilledBy.kingspider":2,"stat.deaths":44,"stat.mineBlock.pvj.marble":2,"stat.playOneMinute":274258,"stat.entityKilledBy.grimoireofgaia.dullahan":1,"stat.craftItem.minecraft.iron_pickaxe":2,"stat.pickup.dungeondq.ito":1,"stat.drop.tombstone.lollipop":1,"stat.drop.minecraft.iron_ingot":3,"stat.drop.minecraft.torch":1,"stat.mineBlock.minecraft.tallgrass":15,"stat.craftItem.minecraft.cooked_mutton":17,"stat.pickup.minecraft.netherrack":3,"stat.mineBlock.pvj.stone_rocks":1,"stat.pickup.minecraft.cooked_mutton":2,"stat.chestOpened":67,"stat.useItem.aoa3.limonite_ore":2,"stat.pickup.botania.mushroom":3,"stat.useItem.minecraft.stone":16,"stat.mineBlock.minecraft.netherrack":4,"stat.pickup.minecraft.arrow":19,"stat.pickup.minecraft.iron_sword":1,"stat.useItem.journey.cookedrocmeat":2,"stat.mineBlock.minecraft.ice":1,"stat.pickup.minecraft.gold_nugget":17,"stat.drop.minecraft.iron_pickaxe":1,"stat.mineBlock.botania.mushroom":3,"stat.mineBlock.pvj.granite_rocks":2,"stat.useItem.mocreatures.crabcooked":1,"stat.fallOneCm":61260,"stat.pickup.botania.lexicon":2,"stat.drop.minecraft.stone_sword":1,"stat.pickup.minecraft.melon_seeds":1,"stat.killEntity.aoa3.scrubby":1,"stat.useItem.pvj.planks_pine":35,"stat.crouchOneCm":62029,"stat.pickup.fossil.bone_vertebrae":1,"stat.mineBlock.minecraft.chest":1,"stat.craftItem.minecraft.iron_ingot":86,"stat.useItem.mod_lavacow.mimic_claw_cooked":8,"stat.drop.minecraft.slime_ball":1,"stat.craftingTableInteraction":34,"stat.pickup.iceandfire.silver_ore":2,"stat.killEntity.cqr_pirate":1,"stat.mineBlock.pvj.diorite_rocks":1,"stat.useItem.aoa3.jade_sword":54,"stat.craftItem.journey.cookedrocmeat":2,"stat.drop.minecraft.concrete":1,"stat.pickup.minecraft.planks":100,"stat.killEntity.aoa3.shadow":1,"stat.pickup.minecraft.iron_leggings":1,"stat.craftItem.aoa3.jade_sword":2,"stat.mineBlock.minecraft.gravel":1,"stat.useItem.minecraft.stone_pickaxe":74,"stat.killEntity.aoa3.night_watcher":1,"stat.killEntity.aoa3.charger":1,"stat.craftItem.minecraft.iron_leggings":3,"stat.useItem.minecraft.wool":9,"stat.mineBlock.minecraft.dirt":32,"stat.pickup.minecraft.chainmail_boots":2,"stat.pickup.aoa3.void_scales":1,"stat.mineBlock.minecraft.monster_egg":1,"stat.useItem.minecraft.torch":133,"stat.useItem.minecraft.bread":1,"stat.killEntity.durahanzombie2":1,"stat.pickup.minecraft.golden_apple":1,"stat.pickup.minecraft.iron_nugget":8,"stat.mineBlock.iceandfire.silver_ore":2,"stat.drop.minecraft.rotten_flesh":8,"stat.pickup.minecraft.crafting_table":6,"stat.useItem.minecraft.log":3,"stat.useItem.minecraft.cobblestone":90,"stat.craftItem.minecraft.crafting_table":2,"stat.pickup.aoa3.runium_ore":7,"stat.mineBlock.thaumcraft.crystal_aer":7,"stat.useItem.fossil.iced_meat":2,"stat.pickup.minecraft.log":39,"stat.pickup.minecraft.iron_pickaxe":2,"stat.mineBlock.thaumcraft.crystal_terra":1,"stat.drop.minecraft.planks":13,"stat.pickup.minecraft.sapling":41,"stat.entityKilledBy.cqr_pirate":9,"stat.pickup.minecraft.apple":2,"stat.drop.thaumcraft.nugget":1,"stat.drop.minecraft.bow":1,"stat.drop.journey.lore_scroll":1,"stat.pickup.journey.lore_scroll":1,"stat.craftItem.aoa3.charger_shank":1,"stat.craftItem.minecraft.planks":136,"stat.useItem.minecraft.iron_sword":98,"stat.mineBlock.aoa3.runium_ore":6,"stat.pickup.minecraft.stone_sword":1,"stat.craftItem.journey.demonicsword":1,"stat.pickup.aoa3.raw_charger_shank":1,"stat.mineBlock.minecraft.log":27,"stat.pickup.minecraft.golden_sword":1,"stat.craftItem.minecraft.cooked_chicken":1,"stat.pickup.minecraft.iron_door":1,"stat.killEntity.journey.wraith":1,"stat.killEntity.pvj_ghost":1,"stat.pickup.minecraft.red_flower":1,"stat.sneakTime":19080,"stat.drop.aoa3.runium_chunk":1,"stat.pickup.minecraft.wool":30,"stat.killEntity.journey.robot":3,"stat.pickup.aoa3.copper_coin":4,"stat.useItem.minecraft.wooden_axe":31,"stat.drop.minecraft.wooden_axe":1,"stat.pickup.minecraft.chest":4,"stat.mineBlock.thaumcraft.ore_cinnabar":1,"stat.drop.minecraft.stone_pickaxe":1,"stat.craftItem.mocreatures.crabcooked":1,"stat.pickup.minecraft.bone":55,"stat.horseOneCm":4792,"stat.pickup.fossil.biofossil":24,"stat.killEntity.journey.bighongo":1,"stat.mineBlock.minecraft.cobblestone":5,"stat.killEntity.kingspider":1,"stat.pickup.minecraft.stone_pickaxe":2,"stat.pickup.minecraft.flint":6,"stat.mineBlock.minecraft.brown_mushroom":2,"stat.mineBlock.minecraft.concrete":38,"stat.mineBlock.pvj.short_grass":13,"stat.pickup.journey.demonicsword":3,"stat.swimOneCm":52830,"stat.climbOneCm":2195,"stat.mineBlock.pvj.rock_formation":9,"stat.killEntity.journey.redhonglow":1,"stat.useItem.minecraft.dirt":29,"stat.useItem.minecraft.stone_slab2":57,"stat.pickup.minecraft.bow":2,"stat.pickup.minecraft.iron_boots":1,"stat.killEntity.journey.icemage":1,"stat.pickup.minecraft.diamond_horse_armor":1,"stat.craftItem.minecraft.furnace":2,"stat.pickup.journey.redhonglowshroom":2,"stat.craftItem.minecraft.iron_boots":3,"stat.useItem.minecraft.iron_ore":1,"stat.mineBlock.fossil.permafrost":2,"stat.craftItem.minecraft.stone_pickaxe":1,"stat.craftItem.minecraft.cooked_beef":5,"stat.pickup.minecraft.cobblestone":170,"stat.useItem.journey.redhonglowshroom":1,"stat.flyOneCm":305056,"stat.pickup.minecraft.sandstone":3,"stat.pickup.minecraft.soul_sand":9,"stat.killEntity.ZombieHorse":1,"stat.pickup.journey.hongoshroom":2,"stat.useItem.minecraft.cooked_beef":5,"stat.drop.minecraft.chainmail_chestplate":1,"stat.useItem.aoa3.charger_shank":1,"stat.mineBlock.minecraft.iron_ore":131,"stat.timeSinceDeath":2194,"stat.pickup.journey.tomatoseeds":1,"stat.pickup.fossil.plant_fossil":13,"stat.pickup.minecraft.mutton":16,"stat.pickup.minecraft.mossy_cobblestone":1,"stat.pickup.aoa3.limonite_ore":3,"stat.killEntity.mod_lavacow.parasite":1,"stat.pickup.minecraft.wooden_axe":1,"stat.useItem.minecraft.cooked_porkchop":2,"stat.pickup.minecraft.iron_shovel":2,"stat.mineBlock.minecraft.coal_ore":105,"stat.useItem.journey.bluehonglowshroom":2,"stat.talkedToVillager":5,"stat.entityKilledBy.pvj_shade":1,"stat.pickup.minecraft.string":13,"stat.drop.journey.floroseeds":1,"stat.pickup.tombstone.crafting_ingredient":6,"stat.entityKilledBy.Skeleton":5,"stat.craftItem.minecraft.stone_slab2":0,"stat.useItem.minecraft.written_book":1,"stat.sprintOneCm":414374,"stat.craftItem.minecraft.stick":76,"stat.craftItem.minecraft.wooden_axe":1,"stat.pickup.tombstone.lollipop":13,"stat.craftItem.aoa3.amethyst_sword":1,"stat.killEntity.creeperslime":1,"stat.mineBlock.minecraft.crafting_table":5,"stat.drop.journey.cavedust":2,"stat.pickup.fossil.relic_scrap":12,"stat.useItem.minecraft.diamond_pickaxe":12,"stat.mineBlock.minecraft.planks":21,"stat.craftItem.pvj.planks_pine":36,"stat.drop":42,"stat.mineBlock.thaumcraft.crystal_aqua":4,"stat.pickup.cqrepoured.bullet_iron":50,"stat.killEntity.Sheep":12,"stat.pickup.minecraft.slime_ball":1,"stat.killEntity.mocreatures:butterfly":1,"stat.craftItem.minecraft.diamond_pickaxe":1,"stat.killEntity.Zombie":6,"stat.pickup.minecraft.snowball":1,"stat.pickup.iceandfire.chared_dirt":1,"stat.diveOneCm":101749,"stat.drop.pvj.goon_bile":2,"stat.pickup.journey.purplegem":1,"stat.mineBlock.minecraft.mossy_cobblestone":4,"stat.killEntity.aoa3.goalby":1,"stat.pickup.fossil.iced_meat":1,"stat.craftItem.minecraft.cooked_porkchop":2,"stat.pickup.minecraft.stone_axe":3,"stat.drop.journey.demonicsword":1,"stat.mineBlock.journey.bluegems":1,"stat.useItem.minecraft.apple":4,"stat.entityKilledBy.mocreatures:shark":1,"stat.useItem.iceandfire.silver_sword":15,"stat.mineBlock.pvj.redwood_twigs":4,"stat.useItem.journey.demonicsword":455,"stat.useItem.minecraft.rotten_flesh":5,"stat.mineBlock.minecraft.purpur_pillar":1,"stat.jump":3037,"stat.killEntity.SkeletonHorse":2,"stat.pickup.minecraft.fence":1,"stat.pickup.minecraft.coal":459,"stat.pickup.minecraft.iron_helmet":3,"stat.pickup.minecraft.iron_ingot":38,"stat.mineBlock.fossil.fossil":41,"stat.useItem.minecraft.stone_axe":53,"stat.entityKilledBy.CaveSpider":4,"stat.pickup.minecraft.gunpowder":22,"stat.pickup.journey.cavedust":8,"stat.pickup.minecraft.spider_eye":3,"stat.craftItem.minecraft.torch":140,"stat.pickup.minecraft.dirt":32,"stat.craftItem.minecraft.iron_helmet":2,"stat.killEntity.journey.turducken":1,"stat.killEntity.journey.stonewalker":1,"stat.drop.minecraft.bed":1,"stat.useItem.minecraft.cooked_chicken":1,"stat.pickup.minecraft.iron_ore":186,"stat.pickup.journey.tall_glowshroom_green":1,"stat.mineBlock.pvj.redwood_bark":1,"stat.entityKilledBy.durahanzombie2":3,"stat.useItem.minecraft.sapling":6,"tombstone:sneak_grave":1,"stat.mineBlock.minecraft.glass_pane":1,"stat.damageTaken":21975,"stat.pickup.pvj.siltstone":2,"stat.pickup.minecraft.leather":3,"stat.pickup.pvj.log_pine":9,"stat.mineBlock.minecraft.torch":4,"stat.mineBlock.minecraft.furnace":11,"stat.pickup.minecraft.written_book":2,"stat.useItem.minecraft.wooden_pickaxe":59,"stat.mineBlock.minecraft.sapling":1,"stat.pickup.pvj.sapling_pine":7,"stat.killEntity.CaveSpider":1,"stat.pickup.minecraft.bed":1,"stat.killEntity.grimoireofgaia.yuki-onna":1,"tombstone:undead_killed":28,"stat.useItem.tombstone.grave_key":20,"stat.craftItem.mod_lavacow.mimic_claw_cooked":8,"stat.pickup.minecraft.concrete":26,"stat.entityKilledBy.Zombie":2,"stat.damageDealt":26639,"stat.pickup.iceandfire.chared_grass":1,"stat.entityKilledBy.aoa3.bugeye":1,"stat.sleepInBed":1,"stat.drop.journey.heartsml":2,"stat.mineBlock.pvj.siltstone":3,"stat.killEntity.Silverfish":2,"stat.pickup.journey.rocmeat":1,"stat.killEntity.Cow":2,"stat.killEntity.Pig":2,"stat.craftItem.minecraft.iron_sword":1,"stat.mineBlock.aoa3.limonite_ore":4,"stat.walkOneCm":986567,"stat.playerKills":7,"stat.pickup.minecraft.stick":29,"stat.pickup.journey.heartsml":2,"stat.pickup.pvj.goon_bile":2,"stat.pickup.mod_lavacow.mimic_claw":7,"stat.killEntity.pvj_skeletal_knight":1,"stat.useItem.scalinghealth.heartcontainer":1,"stat.drop.botania.blacklotus":1,"stat.killEntity.aoa3.faceless_runner":1,"stat.useItem.tombstone.gift":1,"stat.pickup.minecraft.stone":36,"stat.craftItem.minecraft.iron_chestplate":2,"stat.killEntity.grimoireofgaia.dullahan":1,"stat.mineBlock.minecraft.wool":18,"stat.pickup.scalinghealth.heartcontainer":1,"stat.killEntity.aoa3.clown":1,"stat.useItem.minecraft.concrete":18,"tombstone:eaten_lollipop":13,"stat.pickup.minecraft.gold_ingot":6,"stat.useItem.pvj.sapling_pine":3,"stat.killEntity.Skeleton":13,"stat.pickup.journey.bluegem":3,"stat.pickup.thaumcraft.ore_cinnabar":1,"stat.entityKilledBy.journey.templeguardian":2,"stat.killEntity.durahanzombie":1,"stat.killEntity.Spider":6,"stat.pickup.journey.bluehonglowshroom":2,"stat.pickup.minecraft.bread":3,"stat.mobKills":97,"stat.pickup.journey.luniumingot":6,"stat.drop.tombstone.magic_scroll":1,"stat.drop.thaumcraft.ore_cinnabar":1,"stat.drop.botania.lexicon":1,"stat.pickup.fossil.broken_sword":1,"stat.pickup.fossil.skull_block":1,"stat.drop.minecraft.written_book":1,"stat.useItem.minecraft.golden_apple":3,"stat.pickup.minecraft.diamond":3,"stat.mineBlock.minecraft.leaves":2,"stat.pickup.journey.stoneclump":4,"stat.pickup.minecraft.torch":19,"stat.useItem.aoa3.amethyst_sword":13,"stat.drop.minecraft.stone_axe":2,"stat.useItem.pvj.marble":1,"stat.mineBlock.minecraft.stone":195}