{"stats":{"minecraft:picked_up":{"minecraft:air":0,"minecraft:brown_wool":2,"minecraft:porkchop":2,"minecraft:oak_log":5,"minecraft:raw_copper":31,"minecraft:stone_axe":1,"minecraft:stone_pickaxe":1,"minecraft:oak_sapling":2,"minecraft:glow_berries":2,"minecraft:oak_planks":10,"cobblemon:verdant_ball":1,"minecraft:white_wool":1,"minecraft:cobblestone":26},"minecraft:crafted":{"minecraft:oak_planks":20,"minecraft:crafting_table":1,"minecraft:stick":8,"minecraft:wooden_pickaxe":1,"minecraft:stone_pickaxe":1,"minecraft:stone_axe":1},"minecraft:custom":{"minecraft:time_since_rest":14333,"minecraft:sprint_one_cm":97658,"minecraft:damage_taken":694,"minecraft:walk_one_cm":32543,"minecraft:mob_kills":1,"minecraft:damage_dealt":277,"minecraft:interact_with_crafting_table":2,"minecraft:fly_one_cm":57475,"minecraft:play_time":29250,"minecraft:deaths":2,"minecraft:jump":258,"minecraft:leave_game":1,"minecraft:time_since_death":14306,"minecraft:total_world_time":29250,"minecraft:fall_one_cm":5018},"minecraft:mined":{"minecraft:grass":2,"minecraft:oak_log":5,"minecraft:cobblestone":6,"minecraft:copper_ore":8,"minecraft:stone":20,"minecraft:oak_leaves":1},"minecraft:killed":{"minecraft:pig":1},"minecraft:killed_by":{"minecraft:skeleton":1,"minecraft:zombie":1},"minecraft:used":{"minecraft:stone_pickaxe":20,"minecraft:brown_wool":1,"minecraft:wooden_pickaxe":14,"minecraft:stone_axe":3,"minecraft:cobblestone":6,"minecraft:crafting_table":1,"minecraft:oak_sapling":2}},"DataVersion":3465}