{"stat.useItem.minecraft.bow":2,"stat.craftItem.iceandfire.silver_sword":1,"stat.leaveGame":15,"stat.killEntity.aoa3.sasquatch":1,"stat.mineBlock.thaumcraft.ore_quartz":1,"stat.useItem.mod_lavacow.parasite_item":1,"stat.mineBlock.pvj.flouropore":2,"stat.mineBlock.minecraft.sandstone":6,"stat.entityKilledBy.journey.wraith":1,"stat.craftItem.minecraft.shield":4,"stat.useItem.minecraft.planks":8,"stat.mineBlock.minecraft.web":2,"stat.pickup.minecraft.porkchop":2,"stat.pickup.journey.ancientpiece_2":1,"stat.mineBlock.pvj.cobblestone_rocks":1,"stat.pickup.minecraft.rotten_flesh":14,"stat.entityKilledBy.aoa3.clown":1,"stat.pickup.aoa3.scrap_metal":1,"stat.pickup.mod_lavacow.parasite_item":1,"stat.pickup.journey.cavevine":6,"stat.craftItem.minecraft.stone_axe":1,"stat.pickup.journey.demonicbone":3,"stat.pickup.pvj.spectral_wrappings":1,"stat.pickup.minecraft.name_tag":1,"stat.pickup.journey.loot_pouch_gold":1,"stat.mineBlock.fossil.iced_stone":2,"stat.killEntity.journey.bluehonglow":1,"stat.pickup.minecraft.chainmail_chestplate":5,"stat.pickup.minecraft.brown_mushroom":2,"stat.pickup.aoa3.runium_chunk":4,"stat.craftItem.iceandfire.silver_ingot":2,"stat.pickup.journey.loot_pouch_diamond":1,"stat.useItem.minecraft.iron_pickaxe":378,"stat.craftItem.minecraft.wooden_pickaxe":1,"stat.pickup.minecraft.double_plant":3,"stat.pickup.pvj.marble":2,"stat.furnaceInteraction":99,"stat.useItem.tombstone.lollipop":8,"stat.craftItem.journey.demonicdust":5,"stat.pickup.journey.floroseeds":1,"stat.killEntity.mod_lavacow.mimic":1,"stat.pickup.minecraft.furnace":9,"stat.useItem.minecraft.cooked_mutton":19,"stat.pickup.minecraft.iron_chestplate":1,"stat.pickup.tombstone.magic_scroll":2,"stat.pickup.mowziesmobs.wrought_helmet":1,"stat.pickup.mca.rose_gold_ore":1,"stat.pickup.thaumcraft.crystal_essence":85,"stat.pickup.thaumcraft.nugget":19,"stat.useItem.journey.hongoshroom":2,"stat.pickup.aoa3.rosite_ingot":1,"stat.deaths":15,"stat.mineBlock.pvj.marble":2,"stat.playOneMinute":177058,"stat.craftItem.minecraft.iron_pickaxe":2,"stat.drop.tombstone.lollipop":1,"stat.drop.minecraft.iron_ingot":3,"stat.mineBlock.minecraft.tallgrass":13,"stat.craftItem.minecraft.cooked_mutton":17,"stat.pickup.minecraft.cooked_mutton":2,"stat.chestOpened":35,"stat.useItem.aoa3.limonite_ore":2,"stat.pickup.botania.mushroom":2,"stat.useItem.minecraft.stone":15,"stat.pickup.minecraft.arrow":15,"stat.pickup.minecraft.iron_sword":1,"stat.useItem.journey.cookedrocmeat":2,"stat.pickup.minecraft.gold_nugget":12,"stat.drop.minecraft.iron_pickaxe":1,"stat.mineBlock.botania.mushroom":2,"stat.mineBlock.pvj.granite_rocks":2,"stat.useItem.mocreatures.crabcooked":1,"stat.fallOneCm":28359,"stat.pickup.botania.lexicon":1,"stat.drop.minecraft.stone_sword":1,"stat.pickup.minecraft.melon_seeds":1,"stat.killEntity.aoa3.scrubby":1,"stat.crouchOneCm":19000,"stat.pickup.fossil.bone_vertebrae":1,"stat.craftItem.minecraft.iron_ingot":86,"stat.useItem.mod_lavacow.mimic_claw_cooked":2,"stat.drop.minecraft.slime_ball":1,"stat.craftingTableInteraction":29,"stat.pickup.iceandfire.silver_ore":2,"stat.mineBlock.pvj.diorite_rocks":1,"stat.craftItem.journey.cookedrocmeat":2,"stat.pickup.minecraft.planks":2,"stat.killEntity.aoa3.shadow":1,"stat.craftItem.aoa3.jade_sword":1,"stat.mineBlock.minecraft.gravel":1,"stat.useItem.minecraft.stone_pickaxe":74,"stat.killEntity.aoa3.charger":1,"stat.craftItem.minecraft.iron_leggings":2,"stat.mineBlock.minecraft.dirt":31,"stat.pickup.minecraft.chainmail_boots":2,"stat.pickup.aoa3.void_scales":1,"stat.mineBlock.minecraft.monster_egg":1,"stat.useItem.minecraft.torch":118,"stat.useItem.minecraft.bread":1,"stat.pickup.minecraft.iron_nugget":6,"stat.mineBlock.iceandfire.silver_ore":2,"stat.drop.minecraft.rotten_flesh":7,"stat.pickup.minecraft.crafting_table":4,"stat.useItem.minecraft.cobblestone":78,"stat.craftItem.minecraft.crafting_table":2,"stat.pickup.aoa3.runium_ore":7,"stat.mineBlock.thaumcraft.crystal_aer":7,"stat.useItem.fossil.iced_meat":2,"stat.pickup.minecraft.log":20,"stat.pickup.minecraft.iron_pickaxe":1,"stat.mineBlock.thaumcraft.crystal_terra":1,"stat.pickup.minecraft.sapling":38,"stat.pickup.minecraft.apple":2,"stat.drop.thaumcraft.nugget":1,"stat.drop.minecraft.bow":1,"stat.craftItem.aoa3.charger_shank":1,"stat.craftItem.minecraft.planks":72,"stat.useItem.minecraft.iron_sword":98,"stat.mineBlock.aoa3.runium_ore":6,"stat.pickup.minecraft.stone_sword":1,"stat.craftItem.journey.demonicsword":1,"stat.pickup.aoa3.raw_charger_shank":1,"stat.mineBlock.minecraft.log":10,"stat.craftItem.minecraft.cooked_chicken":1,"stat.killEntity.journey.wraith":1,"stat.killEntity.pvj_ghost":1,"stat.pickup.minecraft.red_flower":1,"stat.sneakTime":7117,"stat.drop.aoa3.runium_chunk":1,"stat.pickup.minecraft.wool":17,"stat.killEntity.journey.robot":3,"stat.pickup.aoa3.copper_coin":2,"stat.useItem.minecraft.wooden_axe":31,"stat.drop.minecraft.wooden_axe":1,"stat.pickup.minecraft.chest":2,"stat.drop.minecraft.stone_pickaxe":1,"stat.craftItem.mocreatures.crabcooked":1,"stat.pickup.minecraft.bone":39,"stat.horseOneCm":4792,"stat.pickup.fossil.biofossil":12,"stat.killEntity.journey.bighongo":1,"stat.mineBlock.minecraft.cobblestone":4,"stat.pickup.minecraft.stone_pickaxe":2,"stat.pickup.minecraft.flint":6,"stat.mineBlock.minecraft.brown_mushroom":2,"stat.mineBlock.pvj.short_grass":13,"stat.pickup.journey.demonicsword":2,"stat.swimOneCm":10638,"stat.climbOneCm":1021,"stat.mineBlock.pvj.rock_formation":7,"stat.killEntity.journey.redhonglow":1,"stat.useItem.minecraft.dirt":29,"stat.useItem.minecraft.stone_slab2":29,"stat.pickup.minecraft.bow":2,"stat.killEntity.journey.icemage":1,"stat.pickup.minecraft.diamond_horse_armor":1,"stat.craftItem.minecraft.furnace":2,"stat.pickup.journey.redhonglowshroom":2,"stat.craftItem.minecraft.iron_boots":2,"stat.mineBlock.fossil.permafrost":2,"stat.craftItem.minecraft.stone_pickaxe":1,"stat.pickup.minecraft.cobblestone":153,"stat.useItem.journey.redhonglowshroom":1,"stat.flyOneCm":196636,"stat.pickup.minecraft.sandstone":3,"stat.killEntity.ZombieHorse":1,"stat.pickup.journey.hongoshroom":2,"stat.drop.minecraft.chainmail_chestplate":1,"stat.useItem.aoa3.charger_shank":1,"stat.mineBlock.minecraft.iron_ore":86,"stat.timeSinceDeath":450,"stat.pickup.journey.tomatoseeds":1,"stat.pickup.fossil.plant_fossil":6,"stat.pickup.minecraft.mutton":16,"stat.pickup.aoa3.limonite_ore":3,"stat.killEntity.mod_lavacow.parasite":1,"stat.pickup.minecraft.wooden_axe":1,"stat.useItem.minecraft.cooked_porkchop":2,"stat.mineBlock.minecraft.coal_ore":105,"stat.useItem.journey.bluehonglowshroom":2,"stat.talkedToVillager":5,"stat.pickup.minecraft.string":5,"stat.drop.journey.floroseeds":1,"stat.pickup.tombstone.crafting_ingredient":6,"stat.entityKilledBy.Skeleton":3,"stat.craftItem.minecraft.stone_slab2":0,"stat.useItem.minecraft.written_book":1,"stat.sprintOneCm":309921,"stat.craftItem.minecraft.stick":76,"stat.craftItem.minecraft.wooden_axe":1,"stat.pickup.tombstone.lollipop":9,"stat.mineBlock.minecraft.crafting_table":4,"stat.pickup.fossil.relic_scrap":5,"stat.mineBlock.minecraft.planks":2,"stat.drop":29,"stat.mineBlock.thaumcraft.crystal_aqua":4,"stat.killEntity.Sheep":12,"stat.pickup.minecraft.slime_ball":1,"stat.killEntity.mocreatures:butterfly":1,"stat.killEntity.Zombie":6,"stat.pickup.iceandfire.chared_dirt":1,"stat.diveOneCm":17119,"stat.killEntity.aoa3.goalby":1,"stat.pickup.fossil.iced_meat":1,"stat.craftItem.minecraft.cooked_porkchop":2,"stat.pickup.minecraft.stone_axe":2,"stat.drop.journey.demonicsword":1,"stat.useItem.minecraft.apple":2,"stat.useItem.iceandfire.silver_sword":15,"stat.mineBlock.pvj.redwood_twigs":3,"stat.useItem.journey.demonicsword":214,"stat.useItem.minecraft.rotten_flesh":5,"stat.jump":1980,"stat.killEntity.SkeletonHorse":1,"stat.pickup.minecraft.coal":291,"stat.pickup.minecraft.iron_ingot":6,"stat.mineBlock.fossil.fossil":41,"stat.useItem.minecraft.stone_axe":7,"stat.entityKilledBy.CaveSpider":4,"stat.pickup.minecraft.gunpowder":1,"stat.pickup.journey.cavedust":4,"stat.craftItem.minecraft.torch":124,"stat.pickup.minecraft.dirt":31,"stat.craftItem.minecraft.iron_helmet":2,"stat.killEntity.journey.turducken":1,"stat.killEntity.journey.stonewalker":1,"stat.drop.minecraft.bed":1,"stat.useItem.minecraft.cooked_chicken":1,"stat.pickup.minecraft.iron_ore":92,"stat.pickup.journey.tall_glowshroom_green":1,"stat.useItem.minecraft.sapling":6,"stat.damageTaken":10429,"stat.pickup.pvj.siltstone":2,"stat.mineBlock.minecraft.torch":4,"stat.mineBlock.minecraft.furnace":9,"stat.pickup.minecraft.written_book":2,"stat.useItem.minecraft.wooden_pickaxe":59,"stat.mineBlock.minecraft.sapling":1,"stat.pickup.minecraft.bed":1,"stat.killEntity.grimoireofgaia.yuki-onna":1,"tombstone:undead_killed":25,"stat.useItem.tombstone.grave_key":6,"stat.craftItem.mod_lavacow.mimic_claw_cooked":4,"stat.entityKilledBy.Zombie":2,"stat.damageDealt":15915,"stat.pickup.iceandfire.chared_grass":1,"stat.sleepInBed":1,"stat.mineBlock.pvj.siltstone":3,"stat.pickup.journey.rocmeat":1,"stat.killEntity.Pig":2,"stat.craftItem.minecraft.iron_sword":1,"stat.mineBlock.aoa3.limonite_ore":4,"stat.walkOneCm":635300,"stat.playerKills":4,"stat.pickup.minecraft.stick":12,"stat.pickup.journey.heartsml":1,"stat.pickup.mod_lavacow.mimic_claw":4,"stat.killEntity.pvj_skeletal_knight":1,"stat.useItem.scalinghealth.heartcontainer":1,"stat.drop.botania.blacklotus":1,"stat.useItem.tombstone.gift":1,"stat.pickup.minecraft.stone":34,"stat.craftItem.minecraft.iron_chestplate":2,"stat.pickup.scalinghealth.heartcontainer":1,"stat.killEntity.aoa3.clown":1,"tombstone:eaten_lollipop":8,"stat.pickup.minecraft.gold_ingot":3,"stat.killEntity.Skeleton":13,"stat.pickup.journey.bluegem":3,"stat.entityKilledBy.journey.templeguardian":1,"stat.killEntity.Spider":1,"stat.pickup.journey.bluehonglowshroom":2,"stat.pickup.minecraft.bread":3,"stat.mobKills":73,"stat.pickup.journey.luniumingot":3,"stat.drop.tombstone.magic_scroll":1,"stat.drop.botania.lexicon":1,"stat.pickup.fossil.broken_sword":1,"stat.pickup.fossil.skull_block":1,"stat.drop.minecraft.written_book":1,"stat.useItem.minecraft.golden_apple":2,"stat.mineBlock.minecraft.leaves":2,"stat.pickup.journey.stoneclump":4,"stat.pickup.minecraft.torch":6,"stat.drop.minecraft.stone_axe":2,"stat.useItem.pvj.marble":1,"stat.mineBlock.minecraft.stone":179}