{"stats":{"minecraft:custom":{"minecraft:interact_with_furnace":1,"minecraft:mob_kills":3,"minecraft:interact_with_crafting_table":3,"minecraft:leave_game":6,"minecraft:time_since_death":94927,"minecraft:climb_one_cm":465,"minecraft:time_since_rest":94954,"minecraft:sprint_one_cm":391726,"minecraft:damage_taken":917,"minecraft:walk_one_cm":150047,"minecraft:drop":9,"minecraft:damage_dealt":1009,"minecraft:swim_one_cm":101210,"minecraft:fly_one_cm":293116,"minecraft:crouch_one_cm":567,"minecraft:play_time":109871,"minecraft:deaths":2,"minecraft:sneak_time":244,"minecraft:walk_under_water_one_cm":8124,"minecraft:jump":1416,"minecraft:walk_on_water_one_cm":20818,"minecraft:total_world_time":109871,"minecraft:fall_one_cm":33532},"minecraft:killed":{"rctmod:trainer":1,"minecraft:pig":1,"cobblemon:pokemon":1},"minecraft:used":{"minecraft:stone_pickaxe":53,"minecraft:wooden_pickaxe":14,"minecraft:dirt":9,"minecraft:crafting_table":1,"minecraft:brown_wool":1,"cobblemon:pc":1,"minecraft:stone_axe":3,"minecraft:cobblestone":6,"minecraft:oak_sapling":2},"minecraft:mined":{"cobblemon:apricorn_leaves":24,"minecraft:torch":1,"minecraft:grass_block":7,"minecraft:copper_ore":11,"minecraft:cobblestone":6,"minecraft:iron_ore":1,"minecraft:grass":9,"minecraft:oak_log":5,"minecraft:coal_ore":9,"minecraft:dirt":2,"minecraft:stone":20,"minecraft:oak_leaves":2},"minecraft:dropped":{"minecraft:wheat_seeds":1,"minecraft:raw_copper":39,"minecraft:raw_iron":1,"minecraft:coal":9,"cobblemon:poke_ball":10,"simpletms:tr_rocktomb":1,"cobblemon:citrine_ball":2},"minecraft:picked_up":{"minecraft:air":0,"cobblemon:great_ball":2,"minecraft:rabbit_stew":1,"cobblemon:yellow_apricorn":4,"minecraft:brown_wool":2,"minecraft:mushroom_stew":1,"minecraft:oak_log":5,"cobblemon:medicinal_brew":1,"minecraft:dirt":9,"minecraft:raw_copper":39,"minecraft:bone":2,"minecraft:wheat_seeds":1,"cobblemon:oran_berry":10,"minecraft:stone_pickaxe":1,"minecraft:poppy":1,"cobblemon:pep_up_flower":3,"minecraft:oak_planks":10,"minecraft:egg":1,"minecraft:stick":1,"minecraft:raw_iron":1,"minecraft:torch":1,"minecraft:porkchop":2,"cobblemon:yellow_apricorn_seed":2,"cobblemon:persim_berry":10,"minecraft:stone_axe":1,"minecraft:oak_sapling":2,"simpletms:tr_rocktomb":1,"minecraft:glow_berries":2,"minecraft:coal":9,"cobblemon:verdant_ball":1,"minecraft:white_wool":1,"minecraft:cobblestone":26},"minecraft:killed_by":{"minecraft:skeleton":1,"minecraft:zombie":1},"minecraft:crafted":{"minecraft:oak_planks":20,"minecraft:crafting_table":1,"minecraft:wooden_pickaxe":1,"minecraft:copper_ingot":9,"minecraft:stone_axe":1,"minecraft:air":0,"minecraft:stick":8,"minecraft:stone_pickaxe":1,"cobblemon:citrine_ball":4}},"DataVersion":3465}