{"stats":{"minecraft:picked_up":{"minecraft:air":0,"minecraft:brown_wool":2,"minecraft:stone_axe":1,"minecraft:stone_pickaxe":1,"minecraft:porkchop":2,"minecraft:oak_log":5,"minecraft:oak_sapling":2,"minecraft:oak_planks":9,"minecraft:cobblestone":25},"minecraft:crafted":{"minecraft:oak_planks":20,"minecraft:stone_axe":1,"minecraft:crafting_table":1,"minecraft:stick":8,"minecraft:wooden_pickaxe":1,"minecraft:stone_pickaxe":1},"minecraft:custom":{"minecraft:time_since_rest":2333,"minecraft:deaths":2,"minecraft:sprint_one_cm":61762,"minecraft:play_time":17250,"minecraft:damage_taken":694,"minecraft:walk_one_cm":17224,"minecraft:mob_kills":1,"minecraft:jump":177,"minecraft:damage_dealt":267,"minecraft:leave_game":1,"minecraft:time_since_death":2306,"minecraft:total_world_time":17250,"minecraft:interact_with_crafting_table":2,"minecraft:fall_one_cm":4391,"minecraft:fly_one_cm":39477},"minecraft:mined":{"minecraft:grass":2,"minecraft:oak_log":5,"minecraft:cobblestone":6,"minecraft:stone":19,"minecraft:oak_leaves":1},"minecraft:killed":{"minecraft:pig":1},"minecraft:killed_by":{"minecraft:skeleton":1,"minecraft:zombie":1},"minecraft:used":{"minecraft:stone_axe":3,"minecraft:cobblestone":6,"minecraft:crafting_table":1,"minecraft:oak_sapling":2,"minecraft:brown_wool":1,"minecraft:stone_pickaxe":11,"minecraft:wooden_pickaxe":14}},"DataVersion":3465}