{"stat.craftItem.iceandfire.silver_sword":1,"stat.leaveGame":15,"stat.mineBlock.pvj.flouropore":1,"stat.mineBlock.minecraft.sandstone":6,"stat.entityKilledBy.journey.wraith":1,"stat.craftItem.minecraft.shield":3,"stat.useItem.minecraft.planks":8,"stat.mineBlock.minecraft.web":1,"stat.pickup.minecraft.porkchop":2,"stat.pickup.journey.ancientpiece_2":1,"stat.pickup.minecraft.rotten_flesh":5,"stat.entityKilledBy.aoa3.clown":1,"stat.pickup.aoa3.scrap_metal":1,"stat.craftItem.minecraft.stone_axe":1,"stat.pickup.journey.demonicbone":3,"stat.pickup.minecraft.name_tag":1,"stat.pickup.journey.loot_pouch_gold":1,"stat.killEntity.journey.bluehonglow":1,"stat.pickup.minecraft.chainmail_chestplate":5,"stat.craftItem.iceandfire.silver_ingot":2,"stat.useItem.minecraft.iron_pickaxe":92,"stat.craftItem.minecraft.wooden_pickaxe":1,"stat.pickup.pvj.marble":2,"stat.furnaceInteraction":43,"stat.useItem.tombstone.lollipop":3,"stat.craftItem.journey.demonicdust":5,"stat.killEntity.mod_lavacow.mimic":1,"stat.pickup.minecraft.furnace":4,"stat.useItem.minecraft.cooked_mutton":7,"stat.pickup.tombstone.magic_scroll":1,"stat.pickup.thaumcraft.crystal_essence":16,"stat.pickup.thaumcraft.nugget":1,"stat.useItem.journey.hongoshroom":2,"stat.deaths":8,"stat.mineBlock.pvj.marble":2,"stat.playOneMinute":95975,"stat.craftItem.minecraft.iron_pickaxe":1,"stat.drop.tombstone.lollipop":1,"stat.drop.minecraft.iron_ingot":3,"stat.mineBlock.minecraft.tallgrass":10,"stat.craftItem.minecraft.cooked_mutton":5,"stat.pickup.minecraft.cooked_mutton":2,"stat.chestOpened":4,"stat.pickup.botania.mushroom":1,"stat.useItem.minecraft.stone":15,"stat.pickup.minecraft.arrow":2,"stat.useItem.journey.cookedrocmeat":1,"stat.pickup.minecraft.gold_nugget":4,"stat.drop.minecraft.iron_pickaxe":1,"stat.mineBlock.botania.mushroom":1,"stat.fallOneCm":12941,"stat.drop.minecraft.stone_sword":1,"stat.pickup.minecraft.melon_seeds":1,"stat.killEntity.aoa3.scrubby":1,"stat.crouchOneCm":8633,"stat.craftItem.minecraft.iron_ingot":40,"stat.craftingTableInteraction":21,"stat.pickup.iceandfire.silver_ore":2,"stat.craftItem.journey.cookedrocmeat":1,"stat.pickup.minecraft.planks":2,"stat.useItem.minecraft.stone_pickaxe":74,"stat.killEntity.aoa3.charger":1,"stat.craftItem.minecraft.iron_leggings":1,"stat.mineBlock.minecraft.dirt":31,"stat.useItem.minecraft.torch":32,"stat.mineBlock.iceandfire.silver_ore":2,"stat.pickup.minecraft.crafting_table":2,"stat.useItem.minecraft.cobblestone":45,"stat.craftItem.minecraft.crafting_table":1,"stat.pickup.minecraft.log":14,"stat.pickup.minecraft.iron_pickaxe":1,"stat.pickup.minecraft.sapling":26,"stat.pickup.minecraft.apple":2,"stat.drop.thaumcraft.nugget":1,"stat.craftItem.aoa3.charger_shank":1,"stat.craftItem.minecraft.planks":48,"stat.useItem.minecraft.iron_sword":98,"stat.pickup.minecraft.stone_sword":1,"stat.craftItem.journey.demonicsword":1,"stat.pickup.aoa3.raw_charger_shank":1,"stat.mineBlock.minecraft.log":10,"stat.killEntity.journey.wraith":1,"stat.pickup.minecraft.red_flower":1,"stat.sneakTime":3844,"stat.pickup.minecraft.wool":2,"stat.killEntity.journey.robot":3,"stat.pickup.aoa3.copper_coin":2,"stat.useItem.minecraft.wooden_axe":31,"stat.pickup.minecraft.chest":1,"stat.drop.minecraft.stone_pickaxe":1,"stat.pickup.minecraft.bone":2,"stat.killEntity.journey.bighongo":1,"stat.pickup.minecraft.stone_pickaxe":1,"stat.pickup.minecraft.flint":5,"stat.mineBlock.pvj.short_grass":5,"stat.pickup.journey.demonicsword":1,"stat.swimOneCm":5130,"stat.climbOneCm":287,"stat.killEntity.journey.redhonglow":1,"stat.useItem.minecraft.dirt":29,"stat.useItem.minecraft.stone_slab2":16,"stat.killEntity.journey.icemage":1,"stat.craftItem.minecraft.furnace":1,"stat.pickup.journey.redhonglowshroom":2,"stat.craftItem.minecraft.iron_boots":1,"stat.craftItem.minecraft.stone_pickaxe":1,"stat.pickup.minecraft.cobblestone":101,"stat.useItem.journey.redhonglowshroom":1,"stat.flyOneCm":92808,"stat.pickup.minecraft.sandstone":3,"stat.killEntity.ZombieHorse":1,"stat.pickup.journey.hongoshroom":2,"stat.drop.minecraft.chainmail_chestplate":1,"stat.useItem.aoa3.charger_shank":1,"stat.mineBlock.minecraft.iron_ore":40,"stat.timeSinceDeath":3332,"stat.pickup.journey.tomatoseeds":1,"stat.pickup.minecraft.mutton":4,"stat.useItem.minecraft.cooked_porkchop":2,"stat.mineBlock.minecraft.coal_ore":36,"stat.useItem.journey.bluehonglowshroom":2,"stat.talkedToVillager":5,"stat.pickup.minecraft.string":2,"stat.entityKilledBy.Skeleton":1,"stat.craftItem.minecraft.stone_slab2":0,"stat.useItem.minecraft.written_book":1,"stat.sprintOneCm":109453,"stat.craftItem.minecraft.stick":24,"stat.craftItem.minecraft.wooden_axe":1,"stat.pickup.tombstone.lollipop":4,"stat.mineBlock.minecraft.crafting_table":2,"stat.mineBlock.minecraft.planks":2,"stat.drop":12,"stat.mineBlock.thaumcraft.crystal_aqua":4,"stat.killEntity.Sheep":4,"stat.killEntity.Zombie":3,"stat.pickup.iceandfire.chared_dirt":1,"stat.diveOneCm":16854,"stat.killEntity.aoa3.goalby":1,"stat.craftItem.minecraft.cooked_porkchop":2,"stat.drop.journey.demonicsword":1,"stat.useItem.minecraft.apple":2,"stat.useItem.iceandfire.silver_sword":15,"stat.mineBlock.pvj.redwood_twigs":2,"stat.useItem.journey.demonicsword":11,"stat.jump":1125,"stat.pickup.minecraft.coal":106,"stat.pickup.minecraft.iron_ingot":6,"stat.useItem.minecraft.stone_axe":3,"stat.entityKilledBy.CaveSpider":2,"stat.craftItem.minecraft.torch":32,"stat.pickup.minecraft.dirt":31,"stat.craftItem.minecraft.iron_helmet":1,"stat.killEntity.journey.turducken":1,"stat.drop.minecraft.bed":1,"stat.pickup.minecraft.iron_ore":40,"stat.useItem.minecraft.sapling":6,"stat.damageTaken":4836,"stat.mineBlock.minecraft.torch":3,"stat.mineBlock.minecraft.furnace":4,"stat.pickup.minecraft.written_book":1,"stat.useItem.minecraft.wooden_pickaxe":59,"stat.mineBlock.minecraft.sapling":1,"stat.pickup.minecraft.bed":1,"tombstone:undead_killed":7,"stat.useItem.tombstone.grave_key":3,"stat.entityKilledBy.Zombie":2,"stat.damageDealt":6819,"stat.pickup.iceandfire.chared_grass":1,"stat.sleepInBed":1,"stat.pickup.journey.rocmeat":1,"stat.killEntity.Pig":2,"stat.craftItem.minecraft.iron_sword":1,"stat.walkOneCm":279690,"stat.pickup.minecraft.stick":11,"stat.killEntity.pvj_skeletal_knight":1,"stat.useItem.scalinghealth.heartcontainer":1,"stat.useItem.tombstone.gift":1,"stat.pickup.minecraft.stone":31,"stat.craftItem.minecraft.iron_chestplate":1,"stat.pickup.scalinghealth.heartcontainer":1,"stat.killEntity.aoa3.clown":1,"tombstone:eaten_lollipop":3,"stat.killEntity.Skeleton":2,"stat.pickup.journey.bluegem":3,"stat.pickup.journey.bluehonglowshroom":2,"stat.pickup.minecraft.bread":3,"stat.mobKills":32,"stat.drop.minecraft.written_book":1,"stat.mineBlock.minecraft.leaves":2,"stat.pickup.journey.stoneclump":4,"stat.pickup.minecraft.torch":3,"stat.useItem.pvj.marble":1,"stat.mineBlock.minecraft.stone":119}