{"stats":{"minecraft:picked_up":{"cobblemon:remedy":1,"minecraft:leather":1,"minecraft:wooden_pickaxe":2,"minecraft:oak_log":21,"minecraft:stone_axe":1,"minecraft:rabbit_hide":1,"cobblemon:oran_berry":5,"minecraft:rabbit":1,"minecraft:oak_sapling":1,"minecraft:glow_berries":2,"minecraft:oak_planks":19,"minecraft:cobblestone":25},"minecraft:crafted":{"minecraft:oak_planks":80,"minecraft:crafting_table":1,"minecraft:stick":8,"minecraft:stone_pickaxe":1,"minecraft:furnace":1},"minecraft:dropped":{"minecraft:rabbit_hide":1,"minecraft:oak_log":1,"minecraft:rabbit":1,"minecraft:oak_sapling":1,"minecraft:oak_planks":1,"minecraft:wooden_pickaxe":2},"minecraft:custom":{"minecraft:time_since_rest":18869,"minecraft:interact_with_furnace":3,"minecraft:sprint_one_cm":51443,"minecraft:damage_taken":436,"minecraft:walk_one_cm":44243,"minecraft:drop":7,"minecraft:damage_dealt":236,"minecraft:swim_one_cm":59956,"minecraft:interact_with_crafting_table":3,"minecraft:fly_one_cm":71975,"minecraft:crouch_one_cm":86,"minecraft:play_time":29618,"minecraft:deaths":1,"minecraft:sneak_time":11,"minecraft:walk_under_water_one_cm":949,"minecraft:jump":289,"minecraft:time_since_death":18839,"minecraft:walk_on_water_one_cm":1001,"minecraft:total_world_time":29618,"minecraft:fall_one_cm":7581},"minecraft:mined":{"minecraft:grass":2,"minecraft:oak_log":20,"minecraft:stone":25,"minecraft:oak_planks":2},"minecraft:killed_by":{"minecraft:player":1},"minecraft:used":{"minecraft:stone_pickaxe":14,"minecraft:oak_planks":6,"minecraft:wooden_pickaxe":13,"minecraft:stone_axe":17,"minecraft:crafting_table":1,"minecraft:furnace":1}},"DataVersion":3465}