{"stat.leaveGame":19,"stat.pickup.grimoireofgaia.misc_soul_fire":3,"stat.mineBlock.pvj.flouropore":2,"stat.pickup.tombstone.familiar_stone":3,"stat.mineBlock.minecraft.sandstone":1,"stat.killEntity.aoa3.shade":1,"stat.entityKilledBy.journey.wraith":1,"stat.useItem.minecraft.mutton":2,"stat.craftItem.minecraft.shield":2,"stat.mineBlock.minecraft.web":13,"stat.pickup.aoa3.jade_sword":3,"stat.pickup.minecraft.porkchop":2,"stat.pickup.journey.ancientpiece_2":1,"stat.pickup.journey.demonicdust":1,"stat.drop.iceandfire.silver_sword":1,"stat.mineBlock.pvj.cobblestone_rocks":1,"stat.useItem.minecraft.water_bucket":3,"stat.pickup.minecraft.rotten_flesh":23,"stat.pickup.minecraft.sand":3,"stat.pickup.aoa3.scrap_metal":3,"stat.pickup.journey.cavevine":8,"stat.pickup.journey.loot_pouch_gold":1,"stat.craftItem.minecraft.stone_sword":1,"stat.pickup.minecraft.chainmail_chestplate":1,"stat.entityKilledBy.firedragon":5,"stat.mineBlock.minecraft.sand":3,"stat.useItem.minecraft.iron_pickaxe":74,"stat.pickup.mod_lavacow.intestine":2,"stat.craftItem.minecraft.wooden_pickaxe":1,"stat.pickup.minecraft.double_plant":10,"stat.craftItem.minecraft.bed":2,"stat.furnaceInteraction":21,"stat.killEntity.mocreatures:crab":1,"stat.useItem.tombstone.lollipop":13,"stat.entityKilledBy.grimoireofgaia.harpy":1,"stat.mineBlock.pvj.seashells":2,"stat.killEntity.mod_lavacow.mimic":1,"stat.mineBlock.pvj.flower_patch":1,"stat.pickup.minecraft.beef":4,"stat.useItem.minecraft.cooked_mutton":9,"stat.mineBlock.journey.cavevine":4,"stat.pickup.minecraft.iron_chestplate":2,"stat.pickup.minecraft.skull":1,"stat.pickup.tombstone.magic_scroll":3,"stat.pickup.mca.rose_gold_ore":2,"stat.craftItem.aoa3.grenade":3,"stat.pickup.thaumcraft.crystal_essence":28,"stat.pickup.thaumcraft.nugget":2,"stat.pickup.minecraft.saddle":1,"stat.useItem.minecraft.beef":2,"stat.deaths":31,"stat.pickup.minecraft.egg":1,"stat.playOneMinute":139095,"stat.pickup.journey.loot_pouch":2,"stat.craftItem.minecraft.iron_pickaxe":1,"stat.mineBlock.minecraft.tallgrass":61,"stat.craftItem.minecraft.cooked_mutton":13,"stat.mineBlock.pvj.stone_rocks":1,"stat.pickup.minecraft.cooked_mutton":1,"stat.chestOpened":25,"stat.pickup.botania.mushroom":2,"stat.useItem.minecraft.stone":9,"stat.pickup.minecraft.arrow":8,"stat.pickup.minecraft.gold_nugget":4,"stat.mineBlock.botania.mushroom":2,"stat.mineBlock.pvj.granite_rocks":2,"stat.pickup.journey.rocfeather":1,"stat.fallOneCm":57737,"stat.pickup.botania.lexicon":1,"stat.pickup.minecraft.carrot":1,"stat.drop.minecraft.stone_sword":1,"stat.useItem.minecraft.rabbit":1,"stat.useItem.aoa3.grenade":3,"stat.crouchOneCm":11273,"stat.pickup.minecraft.rail":5,"stat.craftItem.minecraft.iron_ingot":16,"stat.killEntity.mocreatures:ant":1,"stat.craftingTableInteraction":26,"stat.drop.aoa3.jade_sword":1,"stat.pickup.iceandfire.silver_ore":1,"stat.drop.minecraft.double_plant":4,"stat.pickup.minecraft.feather":4,"stat.killEntity.mocreatures:bunny":1,"stat.useItem.aoa3.jade_sword":137,"stat.drop.minecraft.bone":2,"stat.entityKilledBy.aoa3.sasquatch":1,"stat.pickup.minecraft.planks":9,"stat.pickup.minecraft.wheat_seeds":2,"stat.mineBlock.minecraft.gravel":15,"stat.useItem.minecraft.stone_pickaxe":75,"stat.entityKilledBy.aoa3.night_reaper":1,"stat.pickup.pvj.flouropore":1,"stat.useItem.minecraft.stone_sword":107,"stat.craftItem.minecraft.iron_leggings":1,"stat.useItem.minecraft.wool":2,"stat.mineBlock.minecraft.dirt":7,"stat.pickup.minecraft.chainmail_boots":1,"stat.pickup.aoa3.void_scales":1,"stat.pickup.minecraft.record_13":1,"stat.useItem.minecraft.bread":3,"stat.pickup.minecraft.iron_nugget":6,"stat.mineBlock.iceandfire.silver_ore":1,"stat.drop.minecraft.rotten_flesh":17,"stat.pickup.minecraft.crafting_table":4,"stat.useItem.minecraft.cobblestone":48,"stat.craftItem.minecraft.crafting_table":6,"stat.useItem.minecraft.gravel":9,"stat.mineBlock.minecraft.double_plant":7,"stat.pickup.minecraft.log":27,"stat.drop.minecraft.planks":1,"stat.drop.minecraft.sapling":15,"stat.pickup.minecraft.chicken":1,"stat.killEntity.grimoireofgaia.nine_tails":1,"stat.pickup.minecraft.sapling":36,"stat.mineBlock.pvj.basalt":3,"stat.craftItem.minecraft.bucket":2,"stat.craftItem.minecraft.planks":108,"stat.mineBlock.minecraft.log":10,"stat.pickup.minecraft.red_flower":1,"stat.sneakTime":4051,"stat.pickup.minecraft.wool":15,"stat.killEntity.journey.robot":7,"stat.pickup.minecraft.rabbit":1,"stat.pickup.aoa3.copper_coin":4,"stat.useItem.minecraft.wooden_axe":17,"stat.drop.minecraft.wooden_axe":1,"stat.pickup.minecraft.chest":2,"stat.pickup.minecraft.bone":22,"stat.horseOneCm":17080,"stat.pickup.journey.stonestick":2,"stat.mineBlock.journey.tall_glowshroom_green":1,"stat.mineBlock.minecraft.cobblestone":2,"stat.pickup.minecraft.stone_pickaxe":2,"stat.pickup.minecraft.flint":4,"stat.entityKilledBy.Witch":2,"stat.entityKilledBy.journey.robot":1,"stat.mineBlock.pvj.short_grass":11,"stat.pickup.journey.demonicsword":1,"stat.swimOneCm":19181,"stat.mineBlock.pvj.rock_formation":1,"stat.climbOneCm":60,"stat.useItem.minecraft.cookie":6,"stat.useItem.minecraft.stone_slab2":22,"stat.pickup.minecraft.diamond_horse_armor":1,"stat.craftItem.minecraft.furnace":2,"stat.entityKilledBy.aoa3.skellox":1,"stat.pickup.journey.redhonglowshroom":1,"stat.craftItem.minecraft.iron_boots":1,"stat.craftItem.minecraft.stone_pickaxe":1,"stat.craftItem.minecraft.cooked_beef":2,"stat.pickup.minecraft.cobblestone":85,"stat.drop.minecraft.rabbit_hide":1,"stat.flyOneCm":435091,"stat.pickup.minecraft.sandstone":4,"stat.useItem.minecraft.cooked_beef":2,"stat.entityKilledBy.grimoireofgaia.yuki-onna":1,"stat.mineBlock.minecraft.iron_ore":19,"stat.timeSinceDeath":5227,"stat.pickup.journey.tomatoseeds":2,"stat.pickup.minecraft.mutton":20,"stat.mineBlock.pvj.sandstone_rocks":1,"stat.mineBlock.pvj.spruce_twigs":1,"stat.killEntity.mod_lavacow.parasite":1,"stat.pickup.minecraft.wooden_axe":1,"stat.mineBlock.minecraft.coal_ore":24,"stat.talkedToVillager":7,"stat.pickup.minecraft.string":12,"stat.killEntity.aoa3.void_walker":1,"stat.pickup.tombstone.crafting_ingredient":4,"stat.entityKilledBy.Skeleton":4,"stat.craftItem.minecraft.stone_slab2":0,"stat.useItem.minecraft.written_book":2,"stat.sprintOneCm":302278,"stat.craftItem.minecraft.stick":12,"stat.craftItem.minecraft.wooden_axe":1,"stat.pickup.tombstone.lollipop":14,"stat.mineBlock.minecraft.crafting_table":1,"stat.useItem.minecraft.carrot":1,"stat.entityKilledBy.Creeper":1,"stat.drop":41,"stat.mineBlock.thaumcraft.crystal_aqua":5,"stat.pickup.mocreatures.crabraw":1,"stat.killEntity.Sheep":12,"stat.killEntity.Zombie":9,"stat.diveOneCm":28845,"stat.pickup.minecraft.gravel":15,"stat.drop.journey.demonicsword":1,"stat.useItem.iceandfire.silver_sword":63,"stat.mineBlock.pvj.andesite_rocks":1,"stat.useItem.minecraft.porkchop":2,"stat.useItem.journey.demonicsword":4,"stat.entityKilledBy.journey.bighongo":1,"stat.drop.journey.demonicdust":1,"stat.pickup.pvj.basalt":3,"stat.jump":2097,"stat.useItem.minecraft.sand":2,"stat.killEntity.SkeletonHorse":1,"stat.pickup.minecraft.coal":26,"stat.pickup.minecraft.iron_ingot":17,"stat.entityKilledBy.CaveSpider":2,"stat.pickup.minecraft.gunpowder":1,"stat.pickup.iceandfire.chared_stone":2,"stat.pickup.minecraft.spider_eye":2,"stat.craftItem.minecraft.iron_helmet":1,"stat.pickup.minecraft.dirt":7,"stat.killEntity.journey.turducken":1,"stat.pickup.minecraft.iron_ore":20,"stat.pickup.journey.tall_glowshroom_green":1,"stat.mineBlock.mca.rose_gold_ore":2,"stat.pickup.minecraft.cookie":12,"stat.damageTaken":12613,"stat.pickup.minecraft.leather":2,"stat.pickup.pvj.siltstone":2,"stat.pickup.minecraft.written_book":2,"stat.useItem.minecraft.wooden_pickaxe":8,"stat.mineBlock.minecraft.sapling":2,"stat.killEntity.CaveSpider":6,"stat.pickup.minecraft.bed":1,"stat.useItem.tombstone.grave_key":29,"tombstone:undead_killed":21,"stat.pickup.minecraft.rabbit_hide":1,"stat.entityKilledBy.Zombie":2,"stat.damageDealt":14703,"stat.drop.minecraft.rabbit_foot":1,"stat.sleepInBed":1,"stat.killEntity.Silverfish":9,"stat.killEntity.Cow":2,"stat.pickup.journey.rocmeat":1,"stat.killEntity.Pig":1,"stat.walkOneCm":392401,"stat.useItem.minecraft.chest":1,"stat.playerKills":1,"stat.pickup.minecraft.stick":2,"stat.entityKilledBy.grimoireofgaia.banshee":1,"stat.useItem.minecraft.lava_bucket":29,"stat.pickup.minecraft.rabbit_foot":1,"stat.pickup.mod_lavacow.mimic_claw":2,"stat.killEntity.pvj_skeletal_knight":1,"stat.killEntity.aoa3.faceless_runner":1,"stat.useItem.tombstone.gift":1,"stat.entityKilledBy.grimoireofgaia.minotaurus":1,"stat.pickup.minecraft.stone":16,"stat.mineBlock.minecraft.wool":1,"tombstone:eaten_lollipop":13,"stat.killEntity.Skeleton":9,"stat.killEntity.Chicken":1,"stat.drop.minecraft.crafting_table":7,"stat.killEntity.grimoireofgaia.harpy":2,"stat.mobKills":75,"stat.entityKilledBy.mod_lavacow.parasite":1,"stat.entityKilledBy.Silverfish":1,"stat.pickup.minecraft.torch":1,"stat.mineBlock.minecraft.stone":84}