{"stats":{"minecraft:picked_up":{"minecraft:oak_log":4,"minecraft:rabbit":1,"minecraft:rabbit_hide":1},"minecraft:crafted":{"minecraft:oak_planks":8},"minecraft:dropped":{"minecraft:rabbit_hide":1,"minecraft:rabbit":1},"minecraft:custom":{"minecraft:jump":30,"minecraft:time_since_rest":5618,"minecraft:crouch_one_cm":86,"minecraft:sprint_one_cm":5909,"minecraft:play_time":5618,"minecraft:time_since_death":5618,"minecraft:walk_one_cm":13360,"minecraft:sneak_time":11,"minecraft:total_world_time":5618,"minecraft:fall_one_cm":685,"minecraft:drop":2,"minecraft:fly_one_cm":4967},"minecraft:mined":{"minecraft:oak_log":4}},"DataVersion":3465}