{"stats":{"minecraft:custom":{"minecraft:interact_with_furnace":11,"minecraft:mob_kills":3,"minecraft:interact_with_crafting_table":11,"minecraft:leave_game":2,"minecraft:time_since_death":204336,"minecraft:climb_one_cm":1242,"minecraft:time_since_rest":204366,"minecraft:sprint_one_cm":550415,"minecraft:damage_taken":2624,"minecraft:walk_one_cm":310085,"minecraft:drop":40,"minecraft:damage_dealt":2656,"minecraft:swim_one_cm":249469,"minecraft:fly_one_cm":916695,"minecraft:crouch_one_cm":14120,"minecraft:play_time":215115,"minecraft:deaths":1,"minecraft:sneak_time":4076,"minecraft:walk_under_water_one_cm":25625,"minecraft:jump":4079,"minecraft:walk_on_water_one_cm":63438,"minecraft:total_world_time":215115,"minecraft:fall_one_cm":138672},"minecraft:killed":{"minecraft:pig":1,"rctmod:trainer":1},"minecraft:used":{"minecraft:stripped_birch_log":2,"minecraft:stone_pickaxe":129,"minecraft:oak_planks":46,"minecraft:wooden_pickaxe":13,"minecraft:torch":28,"minecraft:dirt":20,"minecraft:sand":3,"minecraft:crafting_table":7,"cobblemon:yellow_apricorn_seed":1,"minecraft:stone_axe":38,"minecraft:cobblestone":18,"minecraft:furnace":5,"minecraft:birch_log":2},"minecraft:mined":{"minecraft:stripped_birch_log":4,"cobblemon:big_root":4,"cobblemon:apricorn_log":5,"minecraft:torch":1,"minecraft:glow_lichen":1,"minecraft:crafting_table":5,"cobblemon:apricorn_leaves":37,"minecraft:grass_block":15,"minecraft:tall_grass":2,"minecraft:copper_ore":28,"minecraft:oak_planks":2,"minecraft:pink_petals":3,"cobblemon:yellow_apricorn_sapling":1,"cobblemon:blue_apricorn":2,"minecraft:furnace":3,"minecraft:birch_log":5,"minecraft:andesite":1,"cobblemon:persim_berry":2,"minecraft:grass":191,"minecraft:oak_log":20,"minecraft:coal_ore":36,"cobblemon:yellow_apricorn":1,"minecraft:sand":3,"minecraft:gravel":1,"minecraft:dirt":7,"minecraft:cracked_stone_bricks":3,"minecraft:stone":55,"cobblemon:water_stone_ore":1,"minecraft:fern":60},"minecraft:dropped":{"minecraft:porkchop":3,"minecraft:wheat_seeds":62,"minecraft:oak_log":1,"minecraft:cobblestone":1,"minecraft:glow_berries":2,"minecraft:oak_planks":1,"minecraft:leather":3,"cobblemon:apricorn_planks":20,"cobblemon:premier_ball":4,"cobblemon:verdant_ball":4,"minecraft:cracked_stone_bricks":3,"cobblemon:roseate_ball":5,"minecraft:stick":8,"minecraft:flint":1,"minecraft:rabbit_hide":1,"minecraft:dirt":2,"minecraft:andesite":1,"minecraft:rabbit":1,"simpletms:tr_rocktomb":1,"minecraft:oak_sapling":1,"minecraft:stone_pickaxe":1,"minecraft:wooden_pickaxe":2,"cobblemon:great_ball":2},"minecraft:picked_up":{"minecraft:birch_log":2,"cobblemon:remedy":1,"minecraft:crafting_table":5,"minecraft:andesite":1,"cobblemon:yellow_apricorn":14,"minecraft:leather":3,"cobblemon:red_apricorn":28,"minecraft:wooden_pickaxe":2,"cobblemon:roseate_ball":1,"minecraft:flint":1,"cobblemon:slate_ball":1,"minecraft:oak_log":21,"minecraft:dirt":22,"minecraft:stripped_birch_log":2,"minecraft:raw_copper":163,"cobblemon:pink_apricorn_seed":1,"cobblemon:white_apricorn":25,"minecraft:cracked_stone_bricks":3,"minecraft:wheat_seeds":64,"cobblemon:black_apricorn":9,"cobblemon:green_apricorn":6,"cobblemon:white_apricorn_seed":2,"minecraft:rabbit_hide":1,"cobblemon:oran_berry":18,"cobblemon:big_root":4,"minecraft:rabbit":1,"cobblemon:pep_up_flower":6,"cobblemon:green_apricorn_seed":3,"minecraft:oak_planks":61,"cobblemon:coarse_mulch":1,"minecraft:furnace":2,"cobblemon:red_apricorn_seed":3,"cobblemon:azure_ball":2,"minecraft:stick":3,"minecraft:raw_iron":1,"cobblemon:apricorn_log":5,"minecraft:copper_ingot":3,"minecraft:torch":1,"minecraft:porkchop":3,"minecraft:sand":3,"cobblemon:yellow_apricorn_seed":3,"cobblemon:persim_berry":12,"cobblemon:pink_apricorn":17,"cobblemon:citrine_ball":1,"minecraft:stone_axe":1,"cobblemon:poke_ball":7,"minecraft:oak_sapling":1,"cobblemon:water_stone":1,"simpletms:tr_rocktomb":1,"minecraft:glow_berries":2,"cobblemon:blue_apricorn":14,"minecraft:coal":53,"minecraft:cobblestone":54},"minecraft:killed_by":{"minecraft:player":1},"minecraft:crafted":{"minecraft:oak_planks":80,"minecraft:crafting_table":3,"cobblemon:verdant_ball":4,"cobblemon:slate_ball":8,"cobblemon:apricorn_planks":20,"minecraft:furnace":4,"minecraft:copper_ingot":31,"cobblemon:roseate_ball":8,"cobblemon:premier_ball":4,"minecraft:air":0,"minecraft:stick":16,"minecraft:iron_ingot":1,"minecraft:stone_pickaxe":1,"cobblemon:azure_ball":12,"minecraft:torch":32,"cobblemon:great_ball":4,"cobblemon:citrine_ball":8}},"DataVersion":3465}