{"stats":{"minecraft:picked_up":{"cobblemon:remedy":1,"minecraft:leather":1,"minecraft:wooden_pickaxe":2,"minecraft:flint":1,"minecraft:oak_log":21,"minecraft:stone_axe":1,"minecraft:rabbit_hide":1,"cobblemon:oran_berry":5,"minecraft:rabbit":1,"minecraft:oak_sapling":1,"minecraft:glow_berries":2,"minecraft:oak_planks":19,"minecraft:coal":24,"minecraft:cobblestone":28},"minecraft:crafted":{"minecraft:oak_planks":80,"minecraft:crafting_table":1,"minecraft:stick":8,"minecraft:stone_pickaxe":1,"minecraft:furnace":1},"minecraft:dropped":{"minecraft:rabbit_hide":1,"minecraft:oak_log":1,"minecraft:rabbit":1,"minecraft:oak_sapling":1,"minecraft:oak_planks":1,"minecraft:wooden_pickaxe":2},"minecraft:custom":{"minecraft:time_since_rest":25973,"minecraft:interact_with_furnace":3,"minecraft:sprint_one_cm":80437,"minecraft:damage_taken":436,"minecraft:walk_one_cm":54645,"minecraft:drop":7,"minecraft:damage_dealt":296,"minecraft:swim_one_cm":59956,"minecraft:interact_with_crafting_table":3,"minecraft:fly_one_cm":124318,"minecraft:crouch_one_cm":3915,"minecraft:play_time":36722,"minecraft:deaths":1,"minecraft:sneak_time":930,"minecraft:walk_under_water_one_cm":949,"minecraft:jump":469,"minecraft:leave_game":1,"minecraft:time_since_death":25943,"minecraft:walk_on_water_one_cm":1001,"minecraft:total_world_time":36722,"minecraft:fall_one_cm":13340},"minecraft:mined":{"minecraft:grass":2,"minecraft:coal_ore":24,"minecraft:oak_log":20,"minecraft:gravel":1,"minecraft:stone":28,"minecraft:oak_planks":2},"minecraft:killed_by":{"minecraft:player":1},"minecraft:used":{"minecraft:stone_pickaxe":42,"minecraft:oak_planks":6,"minecraft:wooden_pickaxe":13,"minecraft:stone_axe":17,"minecraft:crafting_table":1,"minecraft:furnace":1}},"DataVersion":3465}