{"stats":{"minecraft:custom":{"minecraft:interact_with_furnace":14,"minecraft:mob_kills":3,"minecraft:interact_with_crafting_table":21,"minecraft:leave_game":2,"minecraft:time_since_death":240336,"minecraft:climb_one_cm":1628,"minecraft:waystone_activated":1,"minecraft:time_since_rest":240366,"minecraft:sprint_one_cm":650732,"minecraft:damage_taken":2864,"minecraft:walk_one_cm":378420,"minecraft:drop":47,"minecraft:damage_dealt":2692,"minecraft:swim_one_cm":269412,"minecraft:fly_one_cm":1060421,"minecraft:open_chest":18,"minecraft:crouch_one_cm":16359,"minecraft:play_time":251115,"minecraft:deaths":1,"minecraft:sneak_time":4740,"minecraft:walk_under_water_one_cm":30396,"minecraft:jump":4755,"minecraft:walk_on_water_one_cm":69174,"minecraft:total_world_time":251115,"minecraft:fall_one_cm":158615},"minecraft:killed":{"minecraft:pig":1,"rctmod:trainer":1},"minecraft:used":{"minecraft:stripped_birch_log":2,"minecraft:stone_pickaxe":301,"minecraft:chest":2,"minecraft:oak_planks":46,"minecraft:leather_chestplate":1,"minecraft:wooden_pickaxe":21,"minecraft:torch":66,"minecraft:dirt":20,"minecraft:sand":3,"minecraft:crafting_table":8,"cobblemon:yellow_apricorn_seed":1,"minecraft:stone_axe":62,"minecraft:cobblestone":40,"minecraft:furnace":7,"minecraft:birch_log":2},"minecraft:mined":{"cobblemon:revival_herb":1,"minecraft:stripped_birch_log":4,"cobblemon:big_root":4,"cobblemon:apricorn_log":5,"minecraft:torch":2,"minecraft:glow_lichen":1,"minecraft:crafting_table":5,"cobblemon:apricorn_leaves":37,"minecraft:grass_block":18,"minecraft:jungle_log":9,"minecraft:tall_grass":2,"minecraft:copper_ore":38,"minecraft:cobblestone":7,"minecraft:oak_planks":2,"minecraft:deepslate_copper_ore":2,"minecraft:wall_torch":1,"minecraft:pink_petals":3,"cobblemon:yellow_apricorn_sapling":1,"cobblemon:blue_apricorn":2,"minecraft:furnace":3,"minecraft:birch_log":5,"minecraft:iron_ore":22,"minecraft:wheat":1,"minecraft:andesite":1,"cobblemon:persim_berry":2,"minecraft:grass":193,"minecraft:oak_log":27,"minecraft:coal_ore":42,"minecraft:deepslate_iron_ore":2,"minecraft:vine":8,"cobblemon:yellow_apricorn":1,"minecraft:sand":3,"minecraft:gravel":1,"minecraft:dirt":9,"minecraft:cracked_stone_bricks":3,"minecraft:stone":181,"cobblemon:water_stone_ore":1,"minecraft:fern":60},"minecraft:dropped":{"minecraft:porkchop":3,"minecraft:wheat_seeds":62,"minecraft:oak_log":1,"cobblemon:azure_ball":6,"minecraft:cobblestone":1,"minecraft:glow_berries":2,"minecraft:oak_planks":1,"minecraft:leather":3,"cobblemon:apricorn_planks":20,"cobblemon:premier_ball":4,"cobblemon:verdant_ball":4,"minecraft:cracked_stone_bricks":3,"cobblemon:roseate_ball":17,"minecraft:stick":9,"minecraft:flint":1,"minecraft:rabbit_hide":1,"minecraft:dirt":2,"minecraft:andesite":1,"minecraft:rabbit":1,"simpletms:tr_rocktomb":1,"minecraft:oak_sapling":1,"cobblemon:citrine_ball":17,"minecraft:stone_pickaxe":1,"minecraft:wooden_pickaxe":2,"cobblemon:great_ball":18},"minecraft:picked_up":{"minecraft:birch_log":2,"cobblemon:remedy":1,"minecraft:crafting_table":5,"minecraft:jungle_log":9,"minecraft:andesite":1,"cobblemon:yellow_apricorn":21,"minecraft:leather":3,"cobblemon:red_apricorn":43,"minecraft:wooden_pickaxe":2,"cobblemon:roseate_ball":1,"minecraft:flint":1,"cobblemon:slate_ball":1,"minecraft:oak_log":28,"minecraft:dirt":27,"minecraft:stripped_birch_log":2,"cobblemon:revival_herb":3,"minecraft:raw_copper":207,"cobblemon:pink_apricorn_seed":2,"cobblemon:white_apricorn":31,"minecraft:cracked_stone_bricks":3,"minecraft:wheat_seeds":68,"cobblemon:black_apricorn":9,"cobblemon:green_apricorn":7,"cobblemon:white_apricorn_seed":4,"minecraft:rabbit_hide":1,"minecraft:iron_ingot":4,"cobblemon:oran_berry":18,"cobblemon:big_root":4,"minecraft:rabbit":1,"cobblemon:pep_up_flower":8,"cobblemon:green_apricorn_seed":3,"minecraft:oak_planks":61,"cobblemon:coarse_mulch":1,"minecraft:furnace":2,"cobblemon:red_apricorn_seed":7,"cobblemon:azure_ball":4,"minecraft:stick":4,"minecraft:raw_iron":25,"cobblemon:apricorn_log":5,"minecraft:copper_ingot":3,"minecraft:torch":7,"cobblemon:blue_apricorn_seed":2,"minecraft:porkchop":3,"minecraft:sand":3,"cobblemon:yellow_apricorn_seed":3,"cobblemon:persim_berry":12,"cobblemon:pink_apricorn":21,"cobblemon:citrine_ball":1,"minecraft:stone_axe":1,"cobblemon:poke_ball":7,"minecraft:oak_sapling":1,"cobblemon:water_stone":1,"simpletms:tr_rocktomb":1,"minecraft:glow_berries":2,"cobblemon:blue_apricorn":24,"minecraft:coal":59,"minecraft:cobblestone":188},"minecraft:broken":{"minecraft:stone_pickaxe":1},"minecraft:killed_by":{"minecraft:player":1},"minecraft:crafted":{"minecraft:oak_planks":108,"minecraft:crafting_table":3,"minecraft:wooden_pickaxe":1,"cobblemon:verdant_ball":4,"cobblemon:slate_ball":8,"cobblemon:apricorn_planks":20,"minecraft:furnace":5,"minecraft:copper_ingot":31,"cobblemon:roseate_ball":20,"cobblemon:premier_ball":28,"minecraft:jungle_planks":36,"minecraft:air":0,"minecraft:stick":52,"minecraft:iron_ingot":1,"minecraft:stone_pickaxe":3,"minecraft:chest":2,"cobblemon:azure_ball":12,"minecraft:torch":60,"cobblemon:great_ball":20,"cobblemon:citrine_ball":20}},"DataVersion":3465}