{"stats":{"minecraft:picked_up":{"minecraft:stone_axe":1,"minecraft:leather":1,"minecraft:wooden_pickaxe":2,"minecraft:rabbit_hide":1,"cobblemon:oran_berry":3,"minecraft:oak_log":21,"minecraft:rabbit":1,"minecraft:oak_sapling":1,"minecraft:oak_planks":19,"minecraft:cobblestone":4},"minecraft:crafted":{"minecraft:oak_planks":80},"minecraft:dropped":{"minecraft:rabbit_hide":1,"minecraft:oak_log":1,"minecraft:rabbit":1,"minecraft:oak_sapling":1},"minecraft:custom":{"minecraft:time_since_rest":6869,"minecraft:crouch_one_cm":86,"minecraft:deaths":1,"minecraft:play_time":17618,"minecraft:sprint_one_cm":34114,"minecraft:damage_taken":436,"minecraft:walk_one_cm":28685,"minecraft:sneak_time":11,"minecraft:walk_under_water_one_cm":949,"minecraft:drop":4,"minecraft:jump":226,"minecraft:damage_dealt":236,"minecraft:walk_on_water_one_cm":1001,"minecraft:time_since_death":6839,"minecraft:total_world_time":17618,"minecraft:swim_one_cm":59956,"minecraft:fall_one_cm":6327,"minecraft:fly_one_cm":54873},"minecraft:mined":{"minecraft:grass":2,"minecraft:oak_log":20,"minecraft:stone":4,"minecraft:oak_planks":2},"minecraft:killed_by":{"minecraft:player":1},"minecraft:used":{"minecraft:stone_axe":17,"minecraft:oak_planks":6,"minecraft:wooden_pickaxe":6}},"DataVersion":3465}