{"stat.leaveGame":28,"stat.pickup.tombstone.familiar_stone":4,"stat.mineBlock.minecraft.sandstone":1,"stat.killEntity.aoa3.shade":1,"stat.craftItem.minecraft.shield":2,"stat.mineBlock.minecraft.web":16,"stat.mineBlock.minecraft.red_sandstone":3,"stat.pickup.journey.demonicdust":1,"stat.drop.iceandfire.silver_sword":1,"stat.pickup.minecraft.rotten_flesh":25,"stat.pickup.journey.cavevine":11,"stat.killEntity.aoa3.bugeye":2,"stat.entityKilledBy.kingspider3":3,"stat.pickup.journey.loot_pouch_gold":1,"stat.pickup.minecraft.bucket":1,"stat.pickup.minecraft.brown_mushroom":1,"stat.craftItem.iceandfire.silver_ingot":2,"stat.pickup.iceandfire.silver_ingot":2,"stat.useItem.minecraft.iron_pickaxe":233,"stat.pickup.mod_lavacow.intestine":2,"stat.craftItem.minecraft.wooden_pickaxe":1,"stat.pickup.minecraft.double_plant":10,"stat.craftItem.minecraft.bed":2,"stat.pickup.fossil.volcanic_rock":1,"stat.furnaceInteraction":56,"stat.killEntity.mocreatures:crab":2,"stat.useItem.tombstone.lollipop":15,"stat.killEntity.mod_lavacow.mimic":3,"stat.mineBlock.pvj.flower_patch":1,"stat.pickup.minecraft.beef":11,"stat.mineBlock.journey.cavevine":5,"stat.pickup.mowziesmobs.wrought_helmet":1,"stat.pickup.mca.rose_gold_ore":4,"stat.mineBlock.minecraft.fence":1,"stat.pickup.thaumcraft.crystal_essence":41,"stat.pickup.minecraft.emerald":2,"stat.useItem.minecraft.beef":2,"stat.deaths":56,"stat.pickup.minecraft.egg":1,"stat.pickup.journey.loot_pouch":2,"stat.craftItem.minecraft.iron_pickaxe":1,"stat.mineBlock.minecraft.tallgrass":61,"stat.craftItem.minecraft.cooked_mutton":13,"stat.pickup.minecraft.cooked_mutton":1,"stat.chestOpened":65,"stat.pickup.botania.mushroom":4,"stat.useItem.minecraft.stone":10,"stat.pickup.minecraft.arrow":8,"stat.pickup.minecraft.gold_nugget":8,"stat.mineBlock.botania.mushroom":3,"stat.mineBlock.pvj.granite_rocks":2,"stat.pickup.journey.rocfeather":1,"stat.pickup.botania.lexicon":1,"stat.pickup.minecraft.carrot":1,"stat.drop.minecraft.stone_sword":1,"stat.useItem.minecraft.rabbit":1,"stat.useItem.aoa3.grenade":3,"stat.crouchOneCm":36978,"stat.pickup.minecraft.rail":21,"stat.craftItem.minecraft.iron_ingot":19,"stat.killEntity.mocreatures:ant":1,"stat.craftingTableInteraction":35,"stat.pickup.iceandfire.silver_ore":2,"stat.killEntity.cqr_pirate":6,"stat.drop.minecraft.double_plant":4,"stat.killEntity.mocreatures:bunny":1,"stat.useItem.aoa3.jade_sword":148,"stat.entityKilledBy.aoa3.sasquatch":1,"stat.pickup.minecraft.planks":59,"stat.pickup.minecraft.wheat_seeds":2,"stat.killEntity.pvj_goon":1,"stat.mineBlock.fossil.volcanic_rock":1,"stat.useItem.mowziesmobs.wrought_axe":619,"stat.mineBlock.minecraft.dirt":7,"stat.useItem.minecraft.bread":3,"stat.mineBlock.iceandfire.silver_ore":2,"stat.killEntity.pvj_shade":2,"stat.drop.minecraft.rotten_flesh":17,"stat.useItem.minecraft.cobblestone":56,"stat.useItem.minecraft.gravel":9,"stat.pickup.aoa3.runium_ore":9,"stat.mineBlock.minecraft.double_plant":7,"stat.drop.minecraft.sapling":15,"stat.pickup.minecraft.chicken":1,"stat.drop.aoa3.holly_top_seeds":1,"stat.entityKilledBy.cqr_pirate":6,"stat.craftItem.minecraft.bucket":2,"stat.craftItem.minecraft.planks":108,"stat.killEntity.batcreeper":1,"stat.mineBlock.minecraft.log":11,"stat.pickup.minecraft.red_flower":1,"stat.drop.aoa3.runium_chunk":4,"stat.pickup.minecraft.wool":15,"stat.killEntity.journey.robot":7,"stat.pickup.aoa3.copper_coin":4,"stat.useItem.minecraft.wooden_axe":17,"stat.mineBlock.thaumcraft.ore_cinnabar":3,"stat.craftItem.aoa3.runium_chunk":8,"stat.pickup.journey.stonestick":2,"stat.mineBlock.minecraft.cobblestone":4,"stat.pickup.minecraft.stone_pickaxe":2,"stat.pickup.minecraft.flint":4,"stat.mineBlock.iceandfire.chared_stone":2,"stat.entityKilledBy.Witch":2,"stat.mineBlock.minecraft.concrete":5,"stat.entityKilledBy.journey.robot":1,"stat.mineBlock.pvj.short_grass":11,"stat.mineBlock.pvj.rock_formation":1,"stat.mineBlock.thaumcraft.ore_amber":2,"stat.useItem.minecraft.cookie":12,"stat.useItem.minecraft.stone_slab2":32,"stat.pickup.minecraft.diamond_horse_armor":1,"stat.craftItem.minecraft.furnace":4,"stat.pickup.journey.redhonglowshroom":1,"stat.craftItem.minecraft.iron_boots":2,"stat.craftItem.minecraft.cooked_beef":9,"stat.flyOneCm":543685,"stat.pickup.minecraft.sandstone":4,"stat.entityKilledBy.grimoireofgaia.yuki-onna":1,"stat.timeSinceDeath":1728,"stat.mineBlock.pvj.sandstone_rocks":1,"stat.mineBlock.pvj.spruce_twigs":1,"stat.pickup.aoa3.limonite_ore":5,"stat.killEntity.mod_lavacow.parasite":1,"stat.pickup.aoa3.carved_rune_direction":1,"stat.mineBlock.minecraft.coal_ore":39,"stat.pickup.minecraft.shield":1,"stat.killEntity.Creeper":1,"stat.talkedToVillager":7,"stat.pickup.minecraft.string":19,"stat.killEntity.aoa3.void_walker":1,"stat.mineBlock.minecraft.ladder":4,"stat.pickup.tombstone.crafting_ingredient":4,"stat.entityKilledBy.Skeleton":4,"stat.useItem.minecraft.written_book":2,"stat.sprintOneCm":480382,"stat.craftItem.minecraft.wooden_axe":1,"stat.pickup.fossil.relic_scrap":2,"stat.mineBlock.dungeondq.warp2":1,"stat.pickup.mocreatures.crabraw":1,"stat.useItem.minecraft.ladder":1,"stat.useItem.pvj.basalt":2,"stat.pickup.minecraft.iron_block":3,"stat.killEntity.Zombie":10,"stat.mineBlock.minecraft.gold_ore":10,"stat.diveOneCm":111362,"stat.mineBlock.minecraft.mossy_cobblestone":1,"stat.drop.journey.demonicsword":1,"stat.useItem.iceandfire.silver_sword":63,"stat.useItem.journey.demonicsword":4,"stat.drop.journey.demonicdust":1,"stat.pickup.pvj.basalt":3,"stat.jump":2836,"stat.useItem.minecraft.sand":2,"stat.pickup.minecraft.coal":41,"stat.pickup.minecraft.iron_ingot":17,"stat.mineBlock.fossil.fossil":6,"stat.pickup.minecraft.gunpowder":2,"stat.pickup.iceandfire.chared_stone":2,"stat.craftItem.minecraft.torch":48,"stat.pickup.minecraft.dirt":7,"stat.killEntity.journey.turducken":1,"stat.pickup.journey.tall_glowshroom_green":1,"stat.pickup.minecraft.gold_ore":8,"stat.mineBlock.minecraft.lapis_ore":2,"stat.pickup.minecraft.red_sandstone":1,"stat.pickup.minecraft.cookie":12,"stat.mineBlock.minecraft.glass_pane":1,"stat.damageTaken":23755,"stat.pickup.pvj.siltstone":3,"stat.pickup.minecraft.written_book":2,"stat.mineBlock.minecraft.torch":6,"stat.mineBlock.minecraft.sapling":2,"stat.pickup.minecraft.bed":1,"stat.pickup.minecraft.concrete":1,"stat.pickup.minecraft.rabbit_hide":1,"stat.entityKilledBy.Zombie":2,"stat.killEntity.mocreatures:firefly":1,"stat.killEntity.Silverfish":10,"stat.mineBlock.aoa3.limonite_ore":5,"stat.useItem.minecraft.chest":2,"stat.pickup.journey.heartsml":1,"stat.entityKilledBy.grimoireofgaia.banshee":1,"stat.useItem.minecraft.lava_bucket":32,"stat.pickup.minecraft.rabbit_foot":1,"stat.pickup.mod_lavacow.mimic_claw":2,"stat.drop.fossil.volcanic_rock":1,"stat.craftItem.aoa3.limonite_rod":2,"stat.useItem.tombstone.gift":1,"stat.killEntity.aoa3.clown":1,"stat.pickup.minecraft.ender_pearl":1,"stat.pickup.minecraft.ladder":3,"tombstone:eaten_lollipop":15,"stat.killEntity.grimoireofgaia.harpy":3,"stat.mobKills":129,"stat.pickup.fossil.broken_sword":1,"stat.entityKilledBy.Silverfish":1,"stat.pickup.minecraft.torch":45,"stat.pickup.thaumcraft.brain":1,"stat.craftItem.thaumcraft.quicksilver":2,"stat.mineBlock.thaumcraft.ore_quartz":2,"stat.pickup.grimoireofgaia.misc_soul_fire":5,"stat.mineBlock.pvj.flouropore":3,"stat.entityKilledBy.journey.wraith":1,"stat.useItem.minecraft.mutton":3,"stat.useItem.minecraft.planks":73,"stat.pickup.aoa3.jade_sword":3,"stat.pickup.minecraft.porkchop":2,"stat.pickup.journey.ancientpiece_2":1,"stat.mineBlock.pvj.cobblestone_rocks":1,"stat.useItem.minecraft.water_bucket":3,"stat.pickup.minecraft.sand":3,"stat.entityKilledBy.aoa3.clown":1,"stat.pickup.aoa3.scrap_metal":5,"stat.entityKilledBy.Spider":2,"stat.pickup.pvj.spectral_wrappings":2,"stat.killEntity.kingspider2":5,"stat.craftItem.minecraft.stone_sword":1,"stat.pickup.minecraft.chainmail_chestplate":1,"stat.entityKilledBy.firedragon":5,"stat.mineBlock.minecraft.sand":3,"stat.entityKilledBy.grimoireofgaia.harpy":1,"stat.mineBlock.pvj.seashells":2,"stat.useItem.minecraft.cooked_mutton":9,"stat.pickup.minecraft.furnace":2,"stat.pickup.mowziesmobs.wrought_axe":1,"stat.pickup.minecraft.iron_chestplate":2,"stat.pickup.minecraft.skull":1,"stat.pickup.tombstone.magic_scroll":4,"stat.craftItem.aoa3.grenade":3,"stat.pickup.thaumcraft.nugget":3,"stat.pickup.minecraft.saddle":1,"stat.pickup.aoa3.rosite_ingot":6,"stat.entityKilledBy.kingspider":3,"stat.playOneMinute":246950,"stat.mineBlock.pvj.stone_rocks":2,"stat.useItem.biomesoplenty.peach":1,"stat.fallOneCm":78616,"stat.drop.minecraft.stone":2,"stat.craftItem.minecraft.chest":2,"stat.drop.aoa3.jade_sword":1,"stat.pickup.minecraft.feather":4,"stat.mineBlock.pvj.diorite_rocks":2,"stat.drop.minecraft.bone":2,"stat.craftItem.mca.rose_gold_ingot":4,"stat.pickup.minecraft.iron_leggings":2,"stat.mineBlock.minecraft.gravel":15,"stat.useItem.minecraft.stone_pickaxe":75,"stat.entityKilledBy.aoa3.night_reaper":1,"stat.pickup.pvj.flouropore":1,"stat.useItem.minecraft.stone_sword":107,"stat.craftItem.minecraft.iron_leggings":1,"stat.useItem.minecraft.wool":2,"stat.pickup.minecraft.chainmail_boots":1,"stat.pickup.aoa3.void_scales":1,"stat.pickup.minecraft.record_13":1,"stat.useItem.minecraft.torch":26,"stat.killEntity.skeletoncloak":1,"stat.pickup.minecraft.iron_nugget":11,"stat.pickup.minecraft.crafting_table":4,"stat.craftItem.minecraft.crafting_table":7,"stat.mineBlock.minecraft.emerald_ore":2,"stat.pickup.minecraft.log":27,"stat.drop.minecraft.planks":1,"stat.pickup.mca.rose_gold_ingot":1,"stat.killEntity.grimoireofgaia.nine_tails":1,"stat.pickup.minecraft.chainmail_leggings":1,"stat.pickup.minecraft.sapling":36,"stat.mineBlock.minecraft.iron_block":2,"stat.mineBlock.pvj.basalt":3,"stat.drop.journey.lore_scroll":1,"stat.mineBlock.aoa3.runium_ore":2,"stat.sneakTime":14102,"stat.pickup.thaumcraft.amber":3,"stat.pickup.minecraft.rabbit":1,"stat.drop.minecraft.wooden_axe":1,"stat.pickup.minecraft.chest":2,"stat.pickup.minecraft.bone":24,"stat.horseOneCm":17080,"stat.mineBlock.journey.tall_glowshroom_green":1,"stat.killEntity.kingspider":6,"stat.pickup.journey.demonicsword":1,"stat.swimOneCm":71298,"stat.climbOneCm":1548,"stat.entityKilledBy.aoa3.skellox":1,"stat.craftItem.minecraft.stone_pickaxe":1,"stat.pickup.minecraft.cobblestone":135,"stat.drop.minecraft.rabbit_hide":1,"stat.useItem.minecraft.cooked_beef":9,"stat.mineBlock.minecraft.iron_ore":28,"stat.pickup.journey.tomatoseeds":4,"stat.pickup.fossil.plant_fossil":1,"stat.pickup.minecraft.mutton":21,"stat.pickup.minecraft.mossy_cobblestone":1,"stat.pickup.minecraft.wooden_axe":1,"stat.craftItem.aoa3.limonite_ingot":13,"stat.pickup.minecraft.iron_shovel":1,"stat.craftItem.minecraft.stone_slab2":0,"stat.craftItem.minecraft.stick":24,"stat.pickup.aoa3.holly_top_seeds":1,"stat.pickup.tombstone.lollipop":16,"stat.craftItem.aoa3.rosite_ingot":4,"stat.mineBlock.minecraft.crafting_table":1,"stat.useItem.minecraft.carrot":1,"stat.entityKilledBy.Creeper":4,"stat.mineBlock.pvj.limestone":1,"stat.mineBlock.minecraft.planks":4,"stat.drop":50,"stat.mineBlock.thaumcraft.crystal_aqua":5,"stat.killEntity.Sheep":13,"stat.pickup.minecraft.slime_ball":1,"stat.craftItem.thaumcraft.nugget":18,"stat.pickup.fossil.iced_meat":1,"stat.pickup.minecraft.gravel":15,"stat.mineBlock.pvj.andesite_rocks":1,"stat.useItem.minecraft.porkchop":2,"stat.entityKilledBy.journey.bighongo":1,"stat.mineBlock.minecraft.purpur_pillar":2,"stat.killEntity.SkeletonHorse":2,"stat.pickup.minecraft.iron_helmet":2,"stat.entityKilledBy.CaveSpider":2,"stat.pickup.minecraft.spider_eye":7,"stat.craftItem.minecraft.iron_helmet":1,"stat.pickup.minecraft.iron_ore":26,"stat.mineBlock.mca.rose_gold_ore":5,"stat.pickup.minecraft.leather":4,"stat.mineBlock.minecraft.furnace":2,"stat.useItem.minecraft.wooden_pickaxe":8,"stat.mineBlock.iceandfire.chared_cobblestone":3,"stat.pickup.mod_lavacow.chitin":2,"stat.killEntity.CaveSpider":7,"stat.useItem.tombstone.grave_key":56,"tombstone:undead_killed":27,"stat.damageDealt":35802,"stat.drop.minecraft.rabbit_foot":1,"stat.sleepInBed":1,"stat.mineBlock.aoa3.rosite_ore":4,"stat.mineBlock.pvj.siltstone":1,"stat.killEntity.Cow":6,"stat.pickup.journey.rocmeat":1,"stat.killEntity.Pig":1,"stat.walkOneCm":686895,"stat.playerKills":4,"stat.pickup.minecraft.stick":2,"stat.killEntity.pvj_skeletal_knight":1,"stat.killEntity.aoa3.faceless_runner":1,"stat.entityKilledBy.grimoireofgaia.minotaurus":1,"stat.pickup.minecraft.stone":24,"stat.mineBlock.minecraft.wool":9,"stat.mineBlock.thaumcraft.crystal_ignis":3,"stat.pickup.aoa3.rosite_ore":4,"stat.killEntity.Skeleton":9,"stat.pickup.thaumcraft.ore_cinnabar":3,"stat.killEntity.Chicken":1,"stat.drop.minecraft.crafting_table":7,"stat.killEntity.Spider":1,"stat.pickup.minecraft.quartz":2,"stat.entityKilledBy.mod_lavacow.parasite":1,"stat.pickup.minecraft.lava_bucket":1,"stat.mineBlock.minecraft.stone":137}