{"stats":{"minecraft:custom":{"minecraft:interact_with_furnace":11,"minecraft:mob_kills":3,"minecraft:interact_with_crafting_table":18,"minecraft:leave_game":2,"minecraft:time_since_death":228336,"minecraft:climb_one_cm":1628,"minecraft:waystone_activated":1,"minecraft:time_since_rest":228366,"minecraft:sprint_one_cm":624196,"minecraft:damage_taken":2674,"minecraft:walk_one_cm":358862,"minecraft:drop":47,"minecraft:damage_dealt":2662,"minecraft:swim_one_cm":267636,"minecraft:fly_one_cm":1008025,"minecraft:open_chest":16,"minecraft:crouch_one_cm":14120,"minecraft:play_time":239115,"minecraft:deaths":1,"minecraft:sneak_time":4084,"minecraft:walk_under_water_one_cm":25978,"minecraft:jump":4454,"minecraft:walk_on_water_one_cm":64745,"minecraft:total_world_time":239115,"minecraft:fall_one_cm":148886},"minecraft:killed":{"minecraft:pig":1,"rctmod:trainer":1},"minecraft:used":{"minecraft:stripped_birch_log":2,"minecraft:stone_pickaxe":170,"minecraft:chest":2,"minecraft:oak_planks":46,"minecraft:leather_chestplate":1,"minecraft:wooden_pickaxe":21,"minecraft:torch":29,"minecraft:dirt":20,"minecraft:sand":3,"minecraft:crafting_table":8,"cobblemon:yellow_apricorn_seed":1,"minecraft:stone_axe":45,"minecraft:cobblestone":18,"minecraft:furnace":6,"minecraft:birch_log":2},"minecraft:mined":{"minecraft:stripped_birch_log":4,"cobblemon:big_root":4,"cobblemon:apricorn_log":5,"minecraft:torch":1,"minecraft:glow_lichen":1,"minecraft:crafting_table":5,"cobblemon:apricorn_leaves":37,"minecraft:grass_block":18,"minecraft:tall_grass":2,"minecraft:copper_ore":30,"minecraft:oak_planks":2,"minecraft:pink_petals":3,"cobblemon:yellow_apricorn_sapling":1,"cobblemon:blue_apricorn":2,"minecraft:furnace":3,"minecraft:birch_log":5,"minecraft:wheat":1,"minecraft:andesite":1,"cobblemon:persim_berry":2,"minecraft:grass":193,"minecraft:oak_log":27,"minecraft:coal_ore":36,"cobblemon:yellow_apricorn":1,"minecraft:sand":3,"minecraft:gravel":1,"minecraft:dirt":9,"minecraft:cracked_stone_bricks":3,"minecraft:stone":100,"cobblemon:water_stone_ore":1,"minecraft:fern":60},"minecraft:dropped":{"minecraft:porkchop":3,"minecraft:wheat_seeds":62,"minecraft:oak_log":1,"cobblemon:azure_ball":6,"minecraft:cobblestone":1,"minecraft:glow_berries":2,"minecraft:oak_planks":1,"minecraft:leather":3,"cobblemon:apricorn_planks":20,"cobblemon:premier_ball":4,"cobblemon:verdant_ball":4,"minecraft:cracked_stone_bricks":3,"cobblemon:roseate_ball":17,"minecraft:stick":9,"minecraft:flint":1,"minecraft:rabbit_hide":1,"minecraft:dirt":2,"minecraft:andesite":1,"minecraft:rabbit":1,"simpletms:tr_rocktomb":1,"minecraft:oak_sapling":1,"cobblemon:citrine_ball":17,"minecraft:stone_pickaxe":1,"minecraft:wooden_pickaxe":2,"cobblemon:great_ball":18},"minecraft:picked_up":{"minecraft:birch_log":2,"cobblemon:remedy":1,"minecraft:crafting_table":5,"minecraft:andesite":1,"cobblemon:yellow_apricorn":21,"minecraft:leather":3,"cobblemon:red_apricorn":43,"minecraft:wooden_pickaxe":2,"cobblemon:roseate_ball":1,"minecraft:flint":1,"cobblemon:slate_ball":1,"minecraft:oak_log":28,"minecraft:dirt":27,"minecraft:stripped_birch_log":2,"minecraft:raw_copper":167,"cobblemon:pink_apricorn_seed":2,"cobblemon:white_apricorn":31,"minecraft:cracked_stone_bricks":3,"minecraft:wheat_seeds":68,"cobblemon:black_apricorn":9,"cobblemon:green_apricorn":7,"cobblemon:white_apricorn_seed":4,"minecraft:rabbit_hide":1,"minecraft:iron_ingot":4,"cobblemon:oran_berry":18,"cobblemon:big_root":4,"minecraft:rabbit":1,"cobblemon:pep_up_flower":6,"cobblemon:green_apricorn_seed":3,"minecraft:oak_planks":61,"cobblemon:coarse_mulch":1,"minecraft:furnace":2,"cobblemon:red_apricorn_seed":7,"cobblemon:azure_ball":4,"minecraft:stick":4,"minecraft:raw_iron":1,"cobblemon:apricorn_log":5,"minecraft:copper_ingot":3,"minecraft:torch":1,"cobblemon:blue_apricorn_seed":2,"minecraft:porkchop":3,"minecraft:sand":3,"cobblemon:yellow_apricorn_seed":3,"cobblemon:persim_berry":12,"cobblemon:pink_apricorn":21,"cobblemon:citrine_ball":1,"minecraft:stone_axe":1,"cobblemon:poke_ball":7,"minecraft:oak_sapling":1,"cobblemon:water_stone":1,"simpletms:tr_rocktomb":1,"minecraft:glow_berries":2,"cobblemon:blue_apricorn":24,"minecraft:coal":53,"minecraft:cobblestone":99},"minecraft:killed_by":{"minecraft:player":1},"minecraft:crafted":{"minecraft:oak_planks":108,"minecraft:crafting_table":3,"minecraft:wooden_pickaxe":1,"cobblemon:verdant_ball":4,"cobblemon:slate_ball":8,"cobblemon:apricorn_planks":20,"minecraft:furnace":4,"minecraft:copper_ingot":31,"cobblemon:roseate_ball":20,"cobblemon:premier_ball":28,"minecraft:air":0,"minecraft:stick":24,"minecraft:iron_ingot":1,"minecraft:stone_pickaxe":3,"minecraft:chest":2,"cobblemon:azure_ball":12,"minecraft:torch":32,"cobblemon:great_ball":20,"cobblemon:citrine_ball":20}},"DataVersion":3465}