{"stat.leaveGame":34,"stat.pickup.tombstone.familiar_stone":4,"stat.mineBlock.minecraft.sandstone":4,"stat.killEntity.aoa3.shade":1,"stat.pickup.pvj.planks_pine":16,"stat.craftItem.minecraft.shield":3,"stat.mineBlock.minecraft.web":16,"stat.drop.minecraft.feather":1,"stat.entityKilledBy.durahanzombiehead2":1,"stat.mineBlock.minecraft.red_sandstone":4,"stat.pickup.journey.demonicdust":1,"stat.drop.iceandfire.silver_sword":1,"stat.pickup.minecraft.rotten_flesh":31,"stat.pickup.journey.cavevine":11,"stat.killEntity.aoa3.bugeye":2,"stat.entityKilledBy.kingspider3":3,"stat.pickup.journey.loot_pouch_gold":1,"stat.pickup.minecraft.bucket":1,"stat.pickup.minecraft.brown_mushroom":1,"stat.craftItem.iceandfire.silver_ingot":2,"stat.pickup.iceandfire.silver_ingot":2,"stat.useItem.minecraft.iron_pickaxe":256,"stat.pickup.mod_lavacow.intestine":3,"stat.craftItem.minecraft.wooden_pickaxe":1,"stat.useItem.minecraft.iron_shovel":4,"stat.mineBlock.minecraft.brick_block":1,"stat.pickup.minecraft.double_plant":10,"stat.craftItem.minecraft.bed":2,"stat.pickup.fossil.volcanic_rock":2,"stat.furnaceInteraction":69,"stat.killEntity.mocreatures:crab":2,"stat.useItem.tombstone.lollipop":22,"stat.killEntity.mod_lavacow.mimic":5,"stat.mineBlock.pvj.flower_patch":1,"stat.pickup.minecraft.beef":11,"stat.pickup.minecraft.hay_block":5,"stat.mineBlock.journey.cavevine":5,"stat.killEntity.aoa3.sand_golem":1,"stat.pickup.mowziesmobs.wrought_helmet":1,"stat.pickup.mca.rose_gold_ore":4,"stat.entityKilledBy.grimoireofgaia.deathword":1,"stat.mineBlock.minecraft.fence":1,"stat.pickup.thaumcraft.crystal_essence":41,"stat.pickup.minecraft.emerald":6,"stat.useItem.minecraft.beef":2,"stat.deaths":85,"stat.pickup.minecraft.egg":1,"stat.entityKilledBy.grimoireofgaia.dullahan":1,"stat.pickup.journey.loot_pouch":2,"stat.drop.pvj.sapling_pine":5,"stat.craftItem.minecraft.iron_pickaxe":1,"stat.pickup.mocreatures.hide":1,"stat.mineBlock.minecraft.tallgrass":62,"stat.craftItem.minecraft.cooked_mutton":13,"stat.pickup.minecraft.cooked_mutton":1,"stat.chestOpened":97,"stat.pickup.botania.mushroom":4,"stat.useItem.minecraft.stone":17,"stat.pickup.minecraft.arrow":8,"stat.drop.journey.essencearrow":15,"stat.mineBlock.fossil.volcanic_ash":11,"stat.pickup.minecraft.gold_nugget":9,"stat.mineBlock.botania.mushroom":3,"stat.mineBlock.pvj.granite_rocks":3,"stat.pickup.journey.rocfeather":1,"stat.pickup.botania.lexicon":1,"stat.pickup.fossil.volcanic_ash":11,"stat.pickup.minecraft.carrot":1,"stat.drop.minecraft.stone_sword":1,"stat.useItem.minecraft.rabbit":1,"stat.useItem.aoa3.grenade":3,"stat.crouchOneCm":56613,"stat.pickup.minecraft.rail":21,"stat.mineBlock.minecraft.chest":1,"stat.craftItem.minecraft.iron_ingot":47,"stat.killEntity.mocreatures:ant":1,"stat.craftingTableInteraction":58,"stat.pickup.iceandfire.silver_ore":2,"stat.killEntity.mocreatures:elephant":2,"stat.killEntity.cqr_pirate":6,"stat.drop.minecraft.double_plant":4,"stat.killEntity.mocreatures:bunny":1,"stat.useItem.aoa3.jade_sword":201,"stat.entityKilledBy.aoa3.sasquatch":1,"stat.pickup.minecraft.planks":64,"stat.pickup.minecraft.wheat_seeds":2,"stat.killEntity.pvj_goon":1,"stat.mineBlock.fossil.volcanic_rock":1,"stat.useItem.mowziesmobs.wrought_axe":762,"stat.mineBlock.minecraft.dirt":10,"stat.killEntity.pvj_duck":4,"stat.useItem.minecraft.bread":10,"stat.killEntity.durahanzombie2":2,"stat.mineBlock.iceandfire.silver_ore":2,"stat.killEntity.pvj_shade":2,"stat.drop.minecraft.rotten_flesh":25,"stat.useItem.minecraft.cobblestone":59,"stat.useItem.minecraft.gravel":9,"stat.pickup.aoa3.runium_ore":9,"stat.mineBlock.minecraft.double_plant":7,"stat.craftItem.minecraft.gold_ingot":8,"stat.drop.minecraft.sapling":15,"stat.pickup.minecraft.chicken":1,"stat.drop.aoa3.holly_top_seeds":1,"stat.entityKilledBy.cqr_pirate":6,"stat.pickup.minecraft.apple":6,"stat.craftItem.minecraft.bucket":2,"stat.craftItem.minecraft.planks":164,"stat.killEntity.batcreeper":1,"stat.entityKilledBy.durahanzombie":1,"stat.pickup.aoa3.raw_charger_shank":1,"stat.mineBlock.minecraft.log":17,"stat.pickup.iceandfire.dragonbone":14,"stat.pickup.minecraft.red_flower":2,"stat.drop.aoa3.runium_chunk":4,"stat.pickup.minecraft.wool":18,"stat.killEntity.journey.robot":7,"stat.pickup.aoa3.copper_coin":6,"stat.useItem.minecraft.wooden_axe":17,"stat.mineBlock.thaumcraft.ore_cinnabar":3,"stat.craftItem.aoa3.limonite_pickaxe":1,"stat.craftItem.aoa3.runium_chunk":8,"stat.pickup.journey.stonestick":2,"stat.mineBlock.minecraft.cobblestone":4,"stat.pickup.minecraft.stone_pickaxe":2,"stat.pickup.minecraft.flint":4,"stat.mineBlock.iceandfire.chared_stone":2,"stat.entityKilledBy.Witch":2,"stat.pickup.pvj.cattail":1,"stat.mineBlock.minecraft.concrete":5,"stat.entityKilledBy.journey.robot":1,"stat.mineBlock.pvj.short_grass":15,"stat.mineBlock.pvj.rock_formation":1,"stat.pickup.minecraft.enchanted_book":1,"stat.mineBlock.thaumcraft.ore_amber":2,"stat.useItem.minecraft.cookie":12,"stat.useItem.minecraft.stone_slab2":56,"stat.pickup.minecraft.diamond_horse_armor":1,"stat.craftItem.minecraft.furnace":6,"stat.pickup.journey.redhonglowshroom":1,"stat.craftItem.minecraft.iron_boots":3,"stat.craftItem.minecraft.cooked_beef":9,"stat.flyOneCm":919278,"stat.drop.minecraft.iron_helmet":1,"stat.pickup.minecraft.sandstone":8,"stat.pickup.minecraft.fish":2,"stat.entityKilledBy.grimoireofgaia.yuki-onna":1,"stat.timeSinceDeath":25996,"stat.mineBlock.pvj.sandstone_rocks":1,"stat.mineBlock.pvj.spruce_twigs":1,"stat.pickup.aoa3.limonite_ore":7,"stat.killEntity.mod_lavacow.parasite":1,"stat.pickup.minecraft.chainmail_helmet":2,"stat.pickup.aoa3.carved_rune_direction":1,"stat.mineBlock.minecraft.coal_ore":45,"stat.killEntity.mocreatures:silverskeleton":1,"stat.pickup.minecraft.shield":1,"stat.killEntity.Creeper":1,"stat.talkedToVillager":10,"stat.pickup.minecraft.string":21,"stat.killEntity.aoa3.void_walker":1,"stat.mineBlock.minecraft.ladder":4,"stat.pickup.tombstone.crafting_ingredient":4,"stat.entityKilledBy.Skeleton":11,"stat.useItem.minecraft.written_book":2,"stat.sprintOneCm":701646,"stat.craftItem.minecraft.wooden_axe":1,"stat.pickup.fossil.relic_scrap":2,"stat.mineBlock.dungeondq.warp2":1,"stat.pickup.mocreatures.crabraw":1,"stat.useItem.minecraft.ladder":1,"stat.useItem.pvj.basalt":2,"stat.pickup.minecraft.iron_block":5,"stat.killEntity.Zombie":13,"stat.pickup.minecraft.snowball":2,"stat.craftItem.minecraft.dye":2,"stat.mineBlock.minecraft.gold_ore":10,"stat.diveOneCm":138662,"stat.mineBlock.minecraft.mossy_cobblestone":2,"stat.drop.journey.demonicsword":1,"stat.useItem.iceandfire.silver_sword":63,"stat.entityKilledBy.durahanzombiehead":1,"stat.useItem.journey.demonicsword":4,"stat.drop.journey.demonicdust":1,"stat.pickup.pvj.basalt":3,"stat.jump":4344,"stat.useItem.minecraft.sand":2,"stat.pickup.minecraft.coal":76,"stat.pickup.minecraft.iron_ingot":41,"stat.mineBlock.fossil.fossil":6,"stat.pickup.minecraft.gunpowder":4,"stat.pickup.iceandfire.chared_stone":2,"stat.craftItem.minecraft.torch":48,"stat.pickup.minecraft.dirt":8,"stat.drop.minecraft.iron_shovel":1,"stat.killEntity.journey.turducken":1,"stat.pickup.journey.tall_glowshroom_green":1,"stat.entityKilledBy.durahanzombie2":2,"stat.pickup.minecraft.gold_ore":8,"stat.mineBlock.minecraft.lapis_ore":2,"stat.pickup.minecraft.red_sandstone":1,"stat.pickup.minecraft.cookie":12,"stat.mineBlock.minecraft.glass_pane":1,"tombstone:sneak_grave":2,"stat.damageTaken":35087,"stat.pickup.pvj.siltstone":3,"stat.pickup.minecraft.written_book":2,"stat.mineBlock.minecraft.torch":6,"stat.mineBlock.minecraft.sapling":2,"stat.entityKilledBy.mocreatures:silverskeleton":2,"stat.pickup.minecraft.log2":3,"stat.pickup.pvj.sapling_pine":5,"stat.pickup.minecraft.bed":1,"stat.pickup.minecraft.concrete":9,"stat.pickup.minecraft.rabbit_hide":1,"stat.entityKilledBy.Zombie":4,"stat.killEntity.mocreatures:firefly":1,"stat.killEntity.Silverfish":48,"stat.mineBlock.aoa3.limonite_ore":5,"stat.useItem.minecraft.chest":5,"stat.pickup.journey.heartsml":1,"stat.useItem.aoa3.raw_charger_shank":1,"stat.entityKilledBy.grimoireofgaia.banshee":1,"stat.useItem.minecraft.lava_bucket":32,"stat.pickup.minecraft.rabbit_foot":1,"stat.pickup.mod_lavacow.mimic_claw":4,"stat.drop.fossil.volcanic_rock":1,"stat.craftItem.aoa3.limonite_rod":2,"stat.craftItem.minecraft.wheat":45,"stat.useItem.tombstone.gift":1,"stat.craftItem.minecraft.iron_chestplate":2,"stat.killEntity.aoa3.clown":1,"stat.useItem.pvj.raw_duck":4,"stat.pickup.minecraft.ender_pearl":1,"stat.pickup.minecraft.ladder":3,"stat.useItem.minecraft.concrete":6,"tombstone:eaten_lollipop":22,"stat.mineBlock.minecraft.stonebrick":2,"stat.killEntity.grimoireofgaia.harpy":3,"stat.mobKills":211,"stat.pickup.fossil.broken_sword":1,"stat.entityKilledBy.hippogryph":1,"stat.entityKilledBy.Silverfish":2,"stat.pickup.minecraft.torch":45,"stat.pickup.thaumcraft.brain":2,"stat.craftItem.thaumcraft.quicksilver":2,"stat.mineBlock.thaumcraft.ore_quartz":2,"stat.pickup.grimoireofgaia.misc_soul_fire":5,"stat.mineBlock.pvj.flouropore":3,"stat.entityKilledBy.journey.wraith":1,"stat.useItem.minecraft.mutton":3,"stat.useItem.minecraft.planks":76,"stat.pickup.journey.ancientpiece_3":2,"stat.pickup.aoa3.jade_sword":4,"stat.pickup.minecraft.porkchop":2,"stat.pickup.journey.ancientpiece_2":1,"stat.mineBlock.pvj.cobblestone_rocks":1,"stat.useItem.minecraft.water_bucket":4,"stat.craftItem.aoa3.limonite_axe":1,"stat.pickup.minecraft.sand":4,"stat.entityKilledBy.aoa3.clown":1,"stat.pickup.aoa3.scrap_metal":5,"stat.entityKilledBy.Spider":2,"stat.drop.mowziesmobs.wrought_axe":3,"stat.pickup.pvj.spectral_wrappings":2,"stat.killEntity.kingspider2":5,"stat.craftItem.minecraft.stone_sword":1,"stat.pickup.minecraft.chainmail_chestplate":1,"stat.entityKilledBy.firedragon":6,"stat.mineBlock.minecraft.sand":3,"stat.pickup.pvj.raw_duck":4,"stat.pickup.iceandfire.dragon_skull":1,"stat.entityKilledBy.grimoireofgaia.harpy":1,"stat.mineBlock.pvj.seashells":2,"stat.useItem.minecraft.cooked_mutton":9,"stat.pickup.minecraft.furnace":3,"stat.pickup.aoa3.carved_rune_travel":1,"stat.mineBlock.minecraft.end_bricks":2,"stat.mineBlock.thaumcraft.cinderpearl":1,"stat.pickup.mowziesmobs.wrought_axe":4,"stat.pickup.minecraft.iron_chestplate":3,"stat.pickup.minecraft.skull":1,"stat.pickup.tombstone.magic_scroll":4,"stat.craftItem.aoa3.grenade":3,"stat.pickup.thaumcraft.nugget":3,"stat.pickup.minecraft.saddle":1,"stat.mineBlock.pvj.log_pine":1,"stat.pickup.aoa3.rosite_ingot":6,"stat.entityKilledBy.kingspider":3,"stat.playOneMinute":339799,"stat.pickup.minecraft.netherrack":1,"stat.mineBlock.pvj.stone_rocks":2,"stat.drop.pvj.cattail":1,"stat.useItem.biomesoplenty.peach":1,"stat.pickup.minecraft.detector_rail":1,"stat.fallOneCm":141757,"stat.drop.minecraft.stone":2,"stat.entityKilledBy.creeperslime":2,"stat.mineBlock.journey.ancientmachineblock":2,"stat.craftItem.minecraft.chest":6,"stat.drop.aoa3.jade_sword":1,"stat.pickup.aoa3.limonite_ingot":1,"stat.pickup.minecraft.feather":7,"stat.mineBlock.pvj.diorite_rocks":2,"stat.drop.minecraft.bone":2,"stat.mineBlock.minecraft.red_nether_brick":1,"stat.craftItem.mca.rose_gold_ingot":4,"stat.drop.minecraft.concrete":6,"stat.killEntity.aoa3.desert_charger":1,"stat.pickup.minecraft.iron_leggings":2,"stat.mineBlock.minecraft.gravel":15,"stat.useItem.minecraft.stone_pickaxe":75,"stat.entityKilledBy.aoa3.night_reaper":1,"stat.pickup.pvj.flouropore":1,"stat.useItem.minecraft.stone_sword":107,"stat.craftItem.minecraft.iron_leggings":2,"stat.useItem.minecraft.wool":3,"stat.useItem.aoa3.limonite_axe":2,"stat.pickup.minecraft.chainmail_boots":1,"stat.pickup.aoa3.void_scales":1,"stat.pickup.minecraft.record_13":1,"stat.useItem.minecraft.torch":26,"stat.pickup.minecraft.golden_apple":1,"stat.killEntity.skeletoncloak":1,"stat.pickup.minecraft.iron_nugget":14,"stat.pickup.minecraft.crafting_table":5,"stat.craftItem.minecraft.crafting_table":12,"stat.mineBlock.minecraft.emerald_ore":6,"stat.pickup.minecraft.log":38,"stat.entityKilledBy.grimoireofgaia.anubis":1,"stat.drop.minecraft.planks":1,"stat.pickup.mca.rose_gold_ingot":1,"stat.killEntity.grimoireofgaia.nine_tails":1,"stat.pickup.minecraft.chainmail_leggings":1,"stat.pickup.minecraft.sapling":37,"stat.mineBlock.minecraft.iron_block":2,"stat.mineBlock.pvj.basalt":3,"stat.drop.journey.lore_scroll":1,"stat.mineBlock.aoa3.runium_ore":2,"stat.mineBlock.pvj.cattail":1,"stat.sneakTime":18854,"stat.pickup.thaumcraft.amber":3,"stat.pickup.minecraft.rabbit":1,"stat.drop.minecraft.wooden_axe":1,"stat.pickup.minecraft.chest":6,"stat.pickup.minecraft.bone":28,"stat.horseOneCm":17080,"stat.mineBlock.journey.tall_glowshroom_green":1,"stat.killEntity.kingspider":6,"stat.drop.minecraft.iron_nugget":3,"stat.pickup.journey.demonicsword":1,"stat.swimOneCm":100871,"stat.climbOneCm":2373,"stat.entityKilledBy.aoa3.skellox":1,"stat.craftItem.minecraft.stone_pickaxe":1,"stat.mineBlock.minecraft.magma":9,"stat.pickup.minecraft.cobblestone":172,"stat.drop.minecraft.rabbit_hide":1,"stat.useItem.tombstone.scroll_buff":1,"stat.pickup.minecraft.soul_sand":2,"stat.killEntity.ZombieHorse":1,"stat.useItem.minecraft.cooked_beef":9,"stat.pickup.minecraft.redstone":4,"stat.mineBlock.minecraft.iron_ore":28,"stat.pickup.journey.tomatoseeds":8,"stat.pickup.fossil.plant_fossil":2,"stat.pickup.minecraft.mutton":21,"stat.pickup.minecraft.mossy_cobblestone":1,"stat.pickup.journey.essencearrow":15,"stat.pickup.minecraft.wooden_axe":2,"stat.craftItem.aoa3.limonite_ingot":15,"stat.pickup.minecraft.iron_shovel":5,"stat.mineBlock.minecraft.nether_brick":1,"stat.craftItem.minecraft.stone_slab2":0,"stat.craftItem.minecraft.stick":32,"stat.pickup.aoa3.holly_top_seeds":1,"stat.killEntity.journey.spyclops":1,"stat.pickup.tombstone.lollipop":22,"stat.craftItem.aoa3.rosite_ingot":4,"stat.mineBlock.minecraft.crafting_table":2,"stat.useItem.minecraft.carrot":1,"stat.entityKilledBy.Creeper":4,"stat.mineBlock.pvj.limestone":1,"stat.mineBlock.minecraft.planks":4,"stat.craftItem.pvj.planks_pine":24,"stat.drop":83,"stat.mineBlock.thaumcraft.crystal_aqua":5,"stat.mineBlock.pvj.bones":1,"stat.killEntity.Sheep":13,"stat.pickup.minecraft.slime_ball":1,"stat.craftItem.thaumcraft.nugget":18,"stat.useItem.aoa3.limonite_pickaxe":68,"stat.pickup.fossil.iced_meat":1,"stat.pickup.minecraft.gravel":15,"stat.useItem.minecraft.apple":6,"stat.mineBlock.minecraft.deadbush":2,"stat.mineBlock.pvj.andesite_rocks":1,"stat.useItem.minecraft.porkchop":2,"stat.entityKilledBy.journey.bighongo":1,"stat.mineBlock.minecraft.purpur_pillar":2,"stat.killEntity.SkeletonHorse":3,"stat.pickup.minecraft.iron_helmet":4,"stat.entityKilledBy.CaveSpider":2,"stat.craftItem.minecraft.bread":15,"stat.pickup.minecraft.spider_eye":17,"stat.craftItem.minecraft.iron_helmet":1,"stat.pickup.thaumcraft.cinderpearl":1,"stat.pickup.minecraft.iron_ore":26,"stat.mineBlock.mca.rose_gold_ore":5,"stat.pickup.minecraft.leather":4,"stat.pickup.pvj.log_pine":6,"stat.mineBlock.minecraft.furnace":2,"stat.useItem.minecraft.wooden_pickaxe":8,"stat.mineBlock.iceandfire.chared_cobblestone":3,"stat.drop.journey.tomatoseeds":4,"stat.pickup.mod_lavacow.chitin":2,"stat.killEntity.CaveSpider":7,"stat.drop.pvj.basalt":1,"stat.useItem.tombstone.grave_key":83,"tombstone:undead_killed":35,"stat.damageDealt":46349,"stat.drop.minecraft.rabbit_foot":1,"stat.sleepInBed":4,"stat.mineBlock.aoa3.rosite_ore":4,"stat.mineBlock.pvj.siltstone":1,"stat.killEntity.Cow":6,"stat.pickup.journey.rocmeat":1,"stat.killEntity.Pig":1,"stat.walkOneCm":907583,"stat.playerKills":4,"stat.pickup.minecraft.stick":2,"stat.killEntity.pvj_skeletal_knight":1,"stat.killEntity.aoa3.faceless_runner":1,"stat.entityKilledBy.grimoireofgaia.minotaurus":1,"stat.drop.minecraft.iron_chestplate":1,"stat.pickup.minecraft.stone":33,"stat.mineBlock.minecraft.wool":11,"stat.killEntity.grimoireofgaia.dullahan":2,"stat.mineBlock.thaumcraft.crystal_ignis":3,"stat.pickup.aoa3.rosite_ore":4,"stat.killEntity.Skeleton":9,"stat.pickup.thaumcraft.ore_cinnabar":3,"stat.killEntity.Chicken":1,"stat.drop.minecraft.crafting_table":7,"stat.killEntity.Spider":2,"stat.pickup.minecraft.quartz":2,"stat.entityKilledBy.mod_lavacow.parasite":1,"stat.pickup.minecraft.lava_bucket":1,"stat.mineBlock.minecraft.hay_block":3,"stat.mineBlock.minecraft.stone":181}