{"stat.pickup.minecraft.bone":3,"stat.leaveGame":15,"stat.killEntity.aoa3.sasquatch":1,"stat.mineBlock.minecraft.cobblestone":5,"stat.mineBlock.thaumcraft.ore_quartz":1,"stat.entityKilledBy.journey.robot":1,"stat.mineBlock.pvj.short_grass":7,"stat.swimOneCm":11225,"stat.killEntity.aoa3.nightfly":1,"stat.craftItem.aoa3.amethyst_pickaxe":1,"stat.craftItem.minecraft.shield":1,"stat.climbOneCm":309,"stat.mineBlock.thaumcraft.ore_amber":1,"stat.mineBlock.minecraft.web":1,"stat.pickup.iceandfire.silver_sword":1,"stat.useItem.minecraft.dirt":2,"stat.useItem.minecraft.stone_slab2":18,"stat.pickup.minecraft.bow":1,"stat.mineBlock.pvj.cobblestone_rocks":1,"stat.pickup.minecraft.rotten_flesh":26,"stat.pickup.mod_lavacow.parasite_item":1,"stat.pickup.journey.cavevine":1,"stat.craftItem.minecraft.stone_axe":1,"stat.craftItem.minecraft.iron_boots":1,"stat.pickup.pvj.spectral_wrappings":3,"stat.useItem.aoa3.amethyst_pickaxe":2,"stat.craftItem.minecraft.stone_pickaxe":1,"stat.pickup.minecraft.cobblestone":80,"stat.flyOneCm":85772,"stat.pickup.journey.amulet_empty":1,"stat.pickup.aoa3.runium_chunk":1,"stat.pickup.minecraft.redstone":92,"stat.mineBlock.minecraft.iron_ore":100,"stat.timeSinceDeath":9440,"stat.useItem.minecraft.iron_pickaxe":176,"stat.pickup.aoa3.jade":2,"stat.pickup.minecraft.mutton":1,"stat.pickup.minecraft.mossy_cobblestone":5,"stat.drop.minecraft.cooked_mutton":1,"stat.pickup.aoa3.limonite_ore":11,"stat.killEntity.Bat":1,"stat.killEntity.mod_lavacow.parasite":2,"stat.pickup.minecraft.wooden_axe":1,"stat.furnaceInteraction":10,"stat.useItem.tombstone.lollipop":3,"stat.mineBlock.minecraft.coal_ore":74,"stat.drop.minecraft.red_flower":1,"stat.pickup.minecraft.string":12,"stat.useItem.minecraft.cooked_mutton":4,"stat.pickup.minecraft.furnace":1,"stat.pickup.tombstone.crafting_ingredient":3,"stat.entityKilledBy.Skeleton":1,"stat.craftItem.minecraft.stone_slab2":0,"stat.mineBlock.journey.cavevine":1,"stat.useItem.minecraft.written_book":1,"stat.sprintOneCm":108683,"stat.pickup.mod_lavacow.parasite_item_cooked":2,"stat.craftItem.minecraft.stick":24,"stat.pickup.tombstone.magic_scroll":1,"stat.pickup.mca.rose_gold_ore":3,"stat.pickup.tombstone.lollipop":3,"stat.craftItem.aoa3.amethyst_sword":1,"stat.mineBlock.minecraft.diamond_ore":3,"stat.pickup.thaumcraft.crystal_essence":9,"stat.mineBlock.minecraft.crafting_table":1,"stat.pickup.minecraft.emerald":1,"stat.mineBlock.minecraft.planks":2,"stat.deaths":16,"stat.drop":10,"stat.playOneMinute":98644,"stat.killEntity.Sheep":1,"stat.drop.tombstone.grave_key":1,"stat.pickup.tombstone.grave_key":1,"stat.pickup.pvj.limestone":1,"stat.craftItem.minecraft.iron_pickaxe":1,"stat.pickup.aoa3.amethyst":5,"stat.killEntity.Zombie":5,"stat.mineBlock.minecraft.gold_ore":6,"stat.mineBlock.minecraft.tallgrass":6,"stat.diveOneCm":3071,"stat.mineBlock.pvj.stone_rocks":1,"stat.chestOpened":52,"stat.mineBlock.minecraft.mossy_cobblestone":5,"stat.pickup.botania.mushroom":1,"stat.useItem.minecraft.stone":2,"stat.pickup.minecraft.iron_sword":2,"stat.pickup.minecraft.arrow":4,"stat.mineBlock.minecraft.ice":1,"stat.mineBlock.aoa3.amethyst_ore":5,"stat.pickup.pvj.log_redwood":1,"stat.killEntity.grimoireofgaia.vase":1,"stat.useItem.minecraft.rotten_flesh":18,"stat.entityKilledBy.journey.bighongo":2,"stat.mineBlock.botania.mushroom":3,"stat.jump":934,"stat.pickup.minecraft.coal":77,"stat.fallOneCm":28961,"stat.pickup.minecraft.iron_ingot":8,"stat.pickup.scalinghealth.crystalshard":2,"stat.mineBlock.fossil.fossil":1,"stat.useItem.minecraft.stone_axe":9,"stat.pickup.minecraft.melon_seeds":1,"stat.entityKilledBy.CaveSpider":3,"stat.crouchOneCm":4571,"stat.pickup.journey.cavedust":4,"stat.craftItem.minecraft.chest":2,"stat.craftItem.minecraft.torch":112,"stat.craftItem.minecraft.iron_ingot":17,"stat.pickup.minecraft.dirt":5,"stat.craftItem.minecraft.iron_helmet":1,"stat.pickup.minecraft.golden_leggings":2,"stat.craftingTableInteraction":13,"stat.pickup.minecraft.iron_ore":102,"stat.mineBlock.pvj.redwood_bark":1,"stat.mineBlock.mca.rose_gold_ore":3,"stat.useItem.minecraft.sapling":23,"stat.pickup.minecraft.gold_ore":6,"stat.damageTaken":6406,"stat.pickup.pvj.siltstone":1,"stat.mineBlock.minecraft.red_flower":1,"stat.mineBlock.minecraft.torch":2,"stat.mineBlock.minecraft.furnace":1,"stat.pickup.minecraft.planks":1,"stat.killEntity.CaveSpider":3,"stat.pickup.minecraft.bed":1,"tombstone:undead_killed":7,"stat.useItem.tombstone.grave_key":1,"stat.entityKilledBy.Zombie":4,"stat.useItem.minecraft.stone_pickaxe":131,"stat.pickup.pvj.flouropore":1,"stat.craftItem.minecraft.iron_leggings":1,"stat.damageDealt":4801,"stat.sleepInBed":1,"stat.mineBlock.aoa3.rosite_ore":5,"stat.mineBlock.minecraft.dirt":5,"stat.craftItem.minecraft.iron_sword":1,"stat.mineBlock.aoa3.limonite_ore":11,"stat.walkOneCm":390784,"stat.useItem.minecraft.torch":118,"stat.useItem.minecraft.chest":1,"stat.pickup.minecraft.stick":6,"stat.killEntity.pvj_shade":1,"stat.drop.minecraft.rotten_flesh":5,"stat.entityKilledBy.grimoireofgaia.banshee":1,"stat.pickup.minecraft.crafting_table":1,"stat.useItem.minecraft.cobblestone":69,"stat.pickup.aoa3.runium_ore":7,"stat.mineBlock.minecraft.emerald_ore":1,"stat.pickup.minecraft.log":36,"stat.pickup.botania.blacklotus":1,"stat.useItem.tombstone.gift":1,"stat.mineBlock.thaumcraft.crystal_terra":1,"stat.entityKilledBy.grimoireofgaia.minotaurus":2,"stat.pickup.minecraft.stone":3,"stat.pickup.scalinghealth.heartcontainer":1,"stat.mineBlock.scalinghealth.crystalore":2,"stat.killEntity.aoa3.clown":2,"stat.pickup.minecraft.sapling":26,"stat.drop.minecraft.melon_seeds":1,"stat.pickup.aoa3.rosite_ore":5,"tombstone:eaten_lollipop":3,"stat.craftItem.minecraft.planks":144,"stat.useItem.minecraft.iron_sword":68,"stat.killEntity.Spider":1,"stat.mineBlock.aoa3.runium_ore":7,"stat.pickup.minecraft.stone_sword":1,"stat.mobKills":25,"stat.mineBlock.minecraft.log":3,"stat.pickup.minecraft.quartz":1,"stat.useItem.minecraft.mossy_cobblestone":1,"stat.pickup.minecraft.diamond":3,"stat.mineBlock.minecraft.leaves":1,"stat.pickup.minecraft.torch":7,"stat.killEntity.pvj_ghost":1,"stat.pickup.minecraft.red_flower":2,"stat.mineBlock.minecraft.redstone_ore":21,"stat.sneakTime":1639,"stat.pickup.thaumcraft.amber":2,"stat.pickup.minecraft.wool":2,"stat.killEntity.journey.robot":1,"stat.useItem.aoa3.amethyst_sword":21,"stat.pickup.aoa3.copper_coin":2,"stat.mineBlock.minecraft.stone":54,"stat.drop.scalinghealth.heartcontainer":1}