{"stat.pickup.minecraft.bone":2,"stat.leaveGame":11,"stat.killEntity.aoa3.sasquatch":1,"stat.mineBlock.minecraft.cobblestone":3,"stat.mineBlock.thaumcraft.ore_quartz":1,"stat.entityKilledBy.journey.robot":1,"stat.mineBlock.pvj.short_grass":7,"stat.swimOneCm":3908,"stat.killEntity.aoa3.nightfly":1,"stat.craftItem.minecraft.shield":1,"stat.climbOneCm":243,"stat.mineBlock.thaumcraft.ore_amber":1,"stat.pickup.iceandfire.silver_sword":1,"stat.useItem.minecraft.dirt":2,"stat.useItem.minecraft.stone_slab2":10,"stat.pickup.minecraft.bow":1,"stat.pickup.minecraft.rotten_flesh":24,"stat.pickup.mod_lavacow.parasite_item":1,"stat.pickup.journey.cavevine":1,"stat.craftItem.minecraft.stone_axe":1,"stat.craftItem.minecraft.iron_boots":1,"stat.pickup.pvj.spectral_wrappings":3,"stat.craftItem.minecraft.stone_pickaxe":1,"stat.pickup.minecraft.cobblestone":57,"stat.flyOneCm":75451,"stat.pickup.journey.amulet_empty":1,"stat.mineBlock.minecraft.iron_ore":66,"stat.timeSinceDeath":17869,"stat.useItem.minecraft.iron_pickaxe":26,"stat.pickup.aoa3.jade":2,"stat.pickup.minecraft.mutton":1,"stat.drop.minecraft.cooked_mutton":1,"stat.pickup.aoa3.limonite_ore":10,"stat.killEntity.mod_lavacow.parasite":2,"stat.pickup.minecraft.wooden_axe":1,"stat.furnaceInteraction":1,"stat.useItem.tombstone.lollipop":2,"stat.mineBlock.minecraft.coal_ore":35,"stat.drop.minecraft.red_flower":1,"stat.pickup.minecraft.string":7,"stat.useItem.minecraft.cooked_mutton":4,"stat.entityKilledBy.Skeleton":1,"stat.mineBlock.journey.cavevine":1,"stat.useItem.minecraft.written_book":1,"stat.sprintOneCm":95448,"stat.pickup.mod_lavacow.parasite_item_cooked":2,"stat.craftItem.minecraft.stick":24,"stat.pickup.tombstone.lollipop":3,"stat.pickup.thaumcraft.crystal_essence":9,"stat.mineBlock.minecraft.planks":2,"stat.deaths":14,"stat.drop":9,"stat.playOneMinute":62977,"stat.killEntity.Sheep":1,"stat.drop.tombstone.grave_key":1,"stat.pickup.tombstone.grave_key":1,"stat.pickup.pvj.limestone":1,"stat.craftItem.minecraft.iron_pickaxe":1,"stat.pickup.aoa3.amethyst":2,"stat.killEntity.Zombie":4,"stat.mineBlock.minecraft.tallgrass":6,"stat.diveOneCm":2400,"stat.chestOpened":20,"stat.pickup.minecraft.iron_sword":2,"stat.pickup.minecraft.arrow":3,"stat.mineBlock.aoa3.amethyst_ore":2,"stat.pickup.pvj.log_redwood":1,"stat.killEntity.grimoireofgaia.vase":1,"stat.useItem.minecraft.rotten_flesh":7,"stat.entityKilledBy.journey.bighongo":2,"stat.jump":621,"stat.pickup.minecraft.coal":35,"stat.fallOneCm":26327,"stat.pickup.minecraft.iron_ingot":8,"stat.useItem.minecraft.stone_axe":8,"stat.pickup.minecraft.melon_seeds":1,"stat.entityKilledBy.CaveSpider":2,"stat.crouchOneCm":3008,"stat.craftItem.minecraft.chest":2,"stat.craftItem.minecraft.torch":112,"stat.pickup.minecraft.dirt":5,"stat.craftItem.minecraft.iron_helmet":1,"stat.craftingTableInteraction":10,"stat.pickup.minecraft.iron_ore":69,"stat.mineBlock.pvj.redwood_bark":1,"stat.useItem.minecraft.sapling":23,"stat.damageTaken":5072,"stat.pickup.pvj.siltstone":1,"stat.mineBlock.minecraft.red_flower":1,"stat.pickup.minecraft.planks":1,"stat.killEntity.CaveSpider":1,"stat.pickup.minecraft.bed":1,"tombstone:undead_killed":6,"stat.entityKilledBy.Zombie":3,"stat.useItem.minecraft.stone_pickaxe":122,"stat.damageDealt":3285,"stat.sleepInBed":1,"stat.mineBlock.minecraft.dirt":5,"stat.craftItem.minecraft.iron_sword":1,"stat.mineBlock.aoa3.limonite_ore":10,"stat.walkOneCm":263387,"stat.useItem.minecraft.torch":55,"stat.useItem.minecraft.chest":1,"stat.killEntity.pvj_shade":1,"stat.drop.minecraft.rotten_flesh":5,"stat.entityKilledBy.grimoireofgaia.banshee":1,"stat.useItem.minecraft.cobblestone":34,"stat.pickup.aoa3.runium_ore":7,"stat.pickup.minecraft.log":36,"stat.pickup.botania.blacklotus":1,"stat.useItem.tombstone.gift":1,"stat.mineBlock.thaumcraft.crystal_terra":1,"stat.entityKilledBy.grimoireofgaia.minotaurus":2,"stat.pickup.minecraft.sapling":26,"stat.drop.minecraft.melon_seeds":1,"tombstone:eaten_lollipop":2,"stat.craftItem.minecraft.planks":144,"stat.useItem.minecraft.iron_sword":68,"stat.mineBlock.aoa3.runium_ore":7,"stat.pickup.minecraft.stone_sword":1,"stat.mobKills":17,"stat.mineBlock.minecraft.log":3,"stat.pickup.minecraft.quartz":1,"stat.mineBlock.minecraft.leaves":1,"stat.killEntity.pvj_ghost":1,"stat.pickup.minecraft.red_flower":2,"stat.sneakTime":1155,"stat.pickup.thaumcraft.amber":2,"stat.pickup.minecraft.wool":2,"stat.killEntity.journey.robot":1,"stat.mineBlock.minecraft.stone":23}