{"stat.pickup.minecraft.bone":2,"stat.leaveGame":11,"stat.killEntity.aoa3.sasquatch":1,"stat.entityKilledBy.journey.robot":1,"stat.mineBlock.pvj.short_grass":7,"stat.swimOneCm":784,"stat.killEntity.aoa3.nightfly":1,"stat.craftItem.minecraft.shield":1,"stat.climbOneCm":37,"stat.pickup.iceandfire.silver_sword":1,"stat.useItem.minecraft.dirt":2,"stat.useItem.minecraft.stone_slab2":10,"stat.pickup.minecraft.bow":1,"stat.pickup.minecraft.rotten_flesh":24,"stat.pickup.mod_lavacow.parasite_item":1,"stat.craftItem.minecraft.stone_axe":1,"stat.craftItem.minecraft.iron_boots":1,"stat.pickup.pvj.spectral_wrappings":2,"stat.craftItem.minecraft.stone_pickaxe":1,"stat.pickup.minecraft.cobblestone":35,"stat.flyOneCm":74536,"stat.mineBlock.minecraft.iron_ore":2,"stat.timeSinceDeath":5269,"stat.pickup.minecraft.mutton":1,"stat.drop.minecraft.cooked_mutton":1,"stat.killEntity.mod_lavacow.parasite":2,"stat.pickup.minecraft.wooden_axe":1,"stat.furnaceInteraction":1,"stat.useItem.tombstone.lollipop":2,"stat.mineBlock.minecraft.coal_ore":27,"stat.drop.minecraft.red_flower":1,"stat.pickup.minecraft.string":7,"stat.useItem.minecraft.cooked_mutton":4,"stat.entityKilledBy.Skeleton":1,"stat.useItem.minecraft.written_book":1,"stat.sprintOneCm":94107,"stat.pickup.mod_lavacow.parasite_item_cooked":2,"stat.craftItem.minecraft.stick":24,"stat.pickup.tombstone.lollipop":3,"stat.pickup.thaumcraft.crystal_essence":9,"stat.mineBlock.minecraft.planks":2,"stat.deaths":14,"stat.drop":9,"stat.playOneMinute":50377,"stat.killEntity.Sheep":1,"stat.drop.tombstone.grave_key":1,"stat.pickup.tombstone.grave_key":1,"stat.craftItem.minecraft.iron_pickaxe":1,"stat.killEntity.Zombie":4,"stat.mineBlock.minecraft.tallgrass":6,"stat.diveOneCm":1307,"stat.chestOpened":20,"stat.pickup.minecraft.iron_sword":2,"stat.pickup.pvj.log_redwood":1,"stat.useItem.minecraft.rotten_flesh":6,"stat.entityKilledBy.journey.bighongo":2,"stat.jump":499,"stat.pickup.minecraft.coal":27,"stat.fallOneCm":25356,"stat.pickup.minecraft.iron_ingot":8,"stat.useItem.minecraft.stone_axe":8,"stat.pickup.minecraft.melon_seeds":1,"stat.entityKilledBy.CaveSpider":2,"stat.crouchOneCm":1413,"stat.craftItem.minecraft.chest":2,"stat.craftItem.minecraft.torch":16,"stat.pickup.minecraft.dirt":5,"stat.craftItem.minecraft.iron_helmet":1,"stat.craftingTableInteraction":10,"stat.pickup.minecraft.iron_ore":1,"stat.mineBlock.pvj.redwood_bark":1,"stat.useItem.minecraft.sapling":23,"stat.damageTaken":4907,"stat.mineBlock.minecraft.red_flower":1,"stat.pickup.minecraft.planks":1,"stat.killEntity.CaveSpider":1,"stat.pickup.minecraft.bed":1,"tombstone:undead_killed":5,"stat.entityKilledBy.Zombie":3,"stat.useItem.minecraft.stone_pickaxe":36,"stat.damageDealt":3020,"stat.sleepInBed":1,"stat.mineBlock.minecraft.dirt":5,"stat.craftItem.minecraft.iron_sword":1,"stat.walkOneCm":202680,"stat.useItem.minecraft.torch":6,"stat.useItem.minecraft.chest":1,"stat.drop.minecraft.rotten_flesh":5,"stat.entityKilledBy.grimoireofgaia.banshee":1,"stat.useItem.minecraft.cobblestone":1,"stat.pickup.minecraft.log":36,"stat.pickup.botania.blacklotus":1,"stat.useItem.tombstone.gift":1,"stat.entityKilledBy.grimoireofgaia.minotaurus":2,"stat.pickup.minecraft.sapling":26,"stat.drop.minecraft.melon_seeds":1,"tombstone:eaten_lollipop":2,"stat.craftItem.minecraft.planks":144,"stat.useItem.minecraft.iron_sword":64,"stat.pickup.minecraft.stone_sword":1,"stat.mobKills":15,"stat.mineBlock.minecraft.log":3,"stat.mineBlock.minecraft.leaves":1,"stat.killEntity.pvj_ghost":1,"stat.pickup.minecraft.red_flower":2,"stat.sneakTime":531,"stat.pickup.minecraft.wool":1,"stat.killEntity.journey.robot":1,"stat.mineBlock.minecraft.stone":7}