{"stat.chestOpened":16,"stat.pickup.minecraft.bone":2,"stat.leaveGame":9,"stat.killEntity.aoa3.sasquatch":1,"stat.pickup.minecraft.iron_sword":2,"stat.pickup.pvj.log_redwood":1,"stat.entityKilledBy.journey.robot":1,"stat.useItem.minecraft.rotten_flesh":6,"stat.entityKilledBy.journey.bighongo":2,"stat.mineBlock.pvj.short_grass":2,"stat.jump":392,"stat.swimOneCm":70,"stat.killEntity.aoa3.nightfly":1,"stat.fallOneCm":23336,"stat.pickup.minecraft.iron_ingot":8,"stat.craftItem.minecraft.shield":1,"stat.useItem.minecraft.stone_axe":8,"stat.pickup.minecraft.melon_seeds":1,"stat.entityKilledBy.CaveSpider":2,"stat.pickup.iceandfire.silver_sword":1,"stat.crouchOneCm":405,"stat.craftItem.minecraft.chest":2,"stat.pickup.minecraft.dirt":5,"stat.craftItem.minecraft.iron_helmet":1,"stat.useItem.minecraft.dirt":2,"stat.useItem.minecraft.stone_slab2":10,"stat.pickup.minecraft.bow":1,"stat.craftingTableInteraction":8,"stat.pickup.minecraft.rotten_flesh":9,"stat.mineBlock.pvj.redwood_bark":1,"stat.pickup.mod_lavacow.parasite_item":1,"stat.useItem.minecraft.sapling":23,"stat.craftItem.minecraft.stone_axe":1,"stat.craftItem.minecraft.iron_boots":1,"stat.damageTaken":4491,"stat.pickup.pvj.spectral_wrappings":1,"stat.mineBlock.minecraft.red_flower":1,"stat.pickup.minecraft.cobblestone":25,"stat.pickup.minecraft.planks":1,"stat.killEntity.CaveSpider":1,"stat.flyOneCm":71823,"stat.pickup.minecraft.bed":1,"tombstone:undead_killed":5,"stat.entityKilledBy.Zombie":3,"stat.damageDealt":2669,"stat.sleepInBed":1,"stat.timeSinceDeath":4391,"stat.mineBlock.minecraft.dirt":5,"stat.craftItem.minecraft.iron_sword":1,"stat.pickup.minecraft.mutton":1,"stat.drop.minecraft.cooked_mutton":1,"stat.walkOneCm":142859,"stat.killEntity.mod_lavacow.parasite":2,"stat.useItem.minecraft.chest":1,"stat.pickup.minecraft.wooden_axe":1,"stat.drop.minecraft.rotten_flesh":5,"stat.useItem.tombstone.lollipop":2,"stat.drop.minecraft.red_flower":1,"stat.pickup.minecraft.log":36,"stat.pickup.minecraft.string":7,"stat.pickup.botania.blacklotus":1,"stat.useItem.minecraft.cooked_mutton":4,"stat.useItem.tombstone.gift":1,"stat.entityKilledBy.Skeleton":1,"stat.entityKilledBy.grimoireofgaia.minotaurus":2,"stat.useItem.minecraft.written_book":1,"stat.pickup.minecraft.sapling":26,"stat.sprintOneCm":86822,"stat.drop.minecraft.melon_seeds":1,"stat.pickup.mod_lavacow.parasite_item_cooked":2,"stat.craftItem.minecraft.stick":24,"tombstone:eaten_lollipop":2,"stat.pickup.tombstone.lollipop":3,"stat.craftItem.minecraft.planks":144,"stat.useItem.minecraft.iron_sword":55,"stat.pickup.thaumcraft.crystal_essence":9,"stat.pickup.minecraft.stone_sword":1,"stat.mobKills":15,"stat.mineBlock.minecraft.log":3,"stat.mineBlock.minecraft.planks":2,"stat.deaths":13,"stat.drop":9,"stat.mineBlock.minecraft.leaves":1,"stat.playOneMinute":39315,"stat.killEntity.pvj_ghost":1,"stat.killEntity.Sheep":1,"stat.drop.tombstone.grave_key":1,"stat.pickup.minecraft.red_flower":2,"stat.pickup.tombstone.grave_key":1,"stat.sneakTime":124,"stat.pickup.minecraft.wool":1,"stat.killEntity.journey.robot":1,"stat.killEntity.Zombie":4,"stat.mineBlock.minecraft.tallgrass":6,"stat.diveOneCm":1307}