{"stat.chestOpened":6,"stat.leaveGame":8,"stat.pickup.minecraft.iron_sword":1,"stat.pickup.pvj.log_redwood":1,"stat.entityKilledBy.journey.robot":1,"stat.useItem.minecraft.rotten_flesh":2,"stat.entityKilledBy.journey.bighongo":2,"stat.mineBlock.pvj.short_grass":2,"stat.jump":284,"stat.swimOneCm":70,"stat.killEntity.aoa3.nightfly":1,"stat.fallOneCm":21124,"stat.pickup.minecraft.iron_ingot":8,"stat.craftItem.minecraft.shield":1,"stat.useItem.minecraft.stone_axe":5,"stat.pickup.minecraft.melon_seeds":1,"stat.pickup.iceandfire.silver_sword":1,"stat.crouchOneCm":157,"stat.craftItem.minecraft.chest":2,"stat.pickup.minecraft.dirt":5,"stat.craftItem.minecraft.iron_helmet":1,"stat.useItem.minecraft.dirt":2,"stat.useItem.minecraft.stone_slab2":9,"stat.craftingTableInteraction":8,"stat.pickup.minecraft.rotten_flesh":5,"stat.mineBlock.pvj.redwood_bark":1,"stat.useItem.minecraft.sapling":23,"stat.craftItem.minecraft.stone_axe":1,"stat.craftItem.minecraft.iron_boots":1,"stat.damageTaken":2825,"stat.pickup.pvj.spectral_wrappings":1,"stat.mineBlock.minecraft.red_flower":1,"stat.pickup.minecraft.cobblestone":25,"stat.pickup.minecraft.planks":1,"stat.flyOneCm":49026,"stat.pickup.minecraft.bed":1,"tombstone:undead_killed":2,"stat.entityKilledBy.Zombie":1,"stat.damageDealt":1053,"stat.sleepInBed":1,"stat.timeSinceDeath":1003,"stat.mineBlock.minecraft.dirt":5,"stat.craftItem.minecraft.iron_sword":1,"stat.drop.minecraft.cooked_mutton":1,"stat.walkOneCm":90941,"stat.useItem.minecraft.chest":1,"stat.useItem.tombstone.lollipop":2,"stat.drop.minecraft.red_flower":1,"stat.pickup.minecraft.log":36,"stat.useItem.minecraft.cooked_mutton":3,"stat.useItem.tombstone.gift":1,"stat.entityKilledBy.Skeleton":1,"stat.entityKilledBy.grimoireofgaia.minotaurus":2,"stat.pickup.minecraft.sapling":26,"stat.sprintOneCm":61062,"stat.drop.minecraft.melon_seeds":1,"stat.craftItem.minecraft.stick":24,"tombstone:eaten_lollipop":2,"stat.pickup.tombstone.lollipop":2,"stat.craftItem.minecraft.planks":144,"stat.useItem.minecraft.iron_sword":25,"stat.pickup.thaumcraft.crystal_essence":9,"stat.pickup.minecraft.stone_sword":1,"stat.mobKills":6,"stat.mineBlock.minecraft.log":3,"stat.mineBlock.minecraft.planks":2,"stat.deaths":8,"stat.drop":3,"stat.mineBlock.minecraft.leaves":1,"stat.playOneMinute":28084,"stat.killEntity.pvj_ghost":1,"stat.pickup.minecraft.red_flower":2,"stat.sneakTime":89,"stat.killEntity.journey.robot":1,"stat.killEntity.Zombie":1,"stat.mineBlock.minecraft.tallgrass":4,"stat.diveOneCm":1307}