{"stat.leaveGame":17,"stat.killEntity.aoa3.sasquatch":1,"stat.mineBlock.thaumcraft.ore_quartz":1,"stat.pickup.tombstone.familiar_stone":1,"stat.craftItem.minecraft.shield":1,"stat.mineBlock.minecraft.web":1,"stat.pickup.iceandfire.silver_sword":1,"stat.mineBlock.minecraft.red_sandstone":4,"stat.mineBlock.pvj.cobblestone_rocks":1,"stat.pickup.minecraft.rotten_flesh":38,"stat.pickup.mod_lavacow.parasite_item":1,"stat.pickup.journey.cavevine":1,"stat.craftItem.minecraft.stone_axe":1,"stat.pickup.pvj.spectral_wrappings":3,"stat.pickup.biomesoplenty.pear":1,"stat.entityKilledBy.firedragon":1,"stat.pickup.journey.amulet_empty":4,"stat.pickup.aoa3.runium_chunk":1,"stat.useItem.minecraft.iron_pickaxe":201,"stat.pickup.aoa3.jade":2,"stat.drop.minecraft.cooked_mutton":1,"stat.furnaceInteraction":11,"stat.useItem.tombstone.lollipop":3,"stat.entityKilledBy.grimoireofgaia.harpy":1,"stat.pickup.minecraft.nether_brick":16,"stat.drop.minecraft.red_flower":1,"stat.useItem.minecraft.cooked_mutton":4,"stat.pickup.minecraft.furnace":1,"stat.mineBlock.minecraft.end_bricks":2,"stat.mineBlock.journey.cavevine":1,"stat.pickup.minecraft.iron_chestplate":1,"stat.pickup.tombstone.magic_scroll":1,"stat.pickup.mca.rose_gold_ore":3,"stat.pickup.thaumcraft.crystal_essence":9,"stat.pickup.minecraft.emerald":1,"stat.deaths":19,"stat.playOneMinute":132328,"stat.craftItem.minecraft.iron_pickaxe":1,"stat.mineBlock.minecraft.tallgrass":8,"stat.mineBlock.pvj.stone_rocks":1,"stat.chestOpened":96,"stat.pickup.botania.mushroom":2,"stat.useItem.minecraft.stone":2,"stat.pickup.minecraft.iron_sword":3,"stat.pickup.minecraft.arrow":9,"stat.mineBlock.minecraft.ice":1,"stat.mineBlock.aoa3.amethyst_ore":5,"stat.pickup.pvj.log_redwood":1,"stat.mineBlock.botania.mushroom":3,"stat.fallOneCm":35092,"stat.pickup.minecraft.carrot":4,"stat.pickup.minecraft.melon_seeds":1,"stat.crouchOneCm":7958,"stat.mineBlock.minecraft.chest":3,"stat.craftItem.minecraft.chest":3,"stat.craftItem.minecraft.iron_ingot":17,"stat.pickup.minecraft.golden_leggings":3,"stat.craftingTableInteraction":20,"stat.pickup.minecraft.feather":1,"stat.mineBlock.minecraft.red_nether_brick":2,"stat.pickup.minecraft.planks":2,"stat.pickup.minecraft.wheat_seeds":2,"stat.useItem.minecraft.stone_pickaxe":131,"stat.pickup.pvj.flouropore":1,"stat.craftItem.minecraft.iron_leggings":1,"stat.mineBlock.minecraft.dirt":8,"stat.useItem.minecraft.torch":118,"stat.killEntity.pvj_shade":1,"stat.drop.minecraft.rotten_flesh":5,"stat.pickup.minecraft.crafting_table":1,"stat.useItem.minecraft.cobblestone":69,"stat.pickup.aoa3.runium_ore":7,"stat.mineBlock.minecraft.emerald_ore":1,"stat.pickup.minecraft.log":46,"stat.pickup.botania.blacklotus":2,"stat.mineBlock.thaumcraft.crystal_terra":1,"stat.pickup.minecraft.chicken":5,"stat.pickup.minecraft.sapling":34,"stat.drop.minecraft.melon_seeds":1,"stat.pickup.minecraft.apple":2,"stat.craftItem.minecraft.planks":184,"stat.useItem.minecraft.iron_sword":68,"stat.mineBlock.aoa3.runium_ore":7,"stat.pickup.minecraft.stone_sword":1,"stat.mineBlock.minecraft.log":3,"stat.killEntity.pvj_ghost":1,"stat.pickup.minecraft.red_flower":2,"stat.pickup.minecraft.red_nether_brick":4,"stat.sneakTime":2539,"stat.pickup.thaumcraft.amber":2,"stat.pickup.minecraft.wool":2,"stat.killEntity.journey.robot":1,"stat.pickup.aoa3.copper_coin":2,"stat.pickup.minecraft.yellow_flower":1,"stat.pickup.minecraft.chest":3,"stat.drop.scalinghealth.heartcontainer":1,"stat.pickup.minecraft.bone":3,"stat.mineBlock.minecraft.cobblestone":5,"stat.drop.aoa3.amethyst_sword":3,"stat.entityKilledBy.journey.robot":1,"stat.mineBlock.pvj.short_grass":10,"stat.swimOneCm":12565,"stat.killEntity.aoa3.nightfly":1,"stat.craftItem.aoa3.amethyst_pickaxe":1,"stat.climbOneCm":2929,"stat.pickup.minecraft.enchanted_book":1,"stat.mineBlock.thaumcraft.ore_amber":1,"stat.useItem.minecraft.dirt":5,"stat.useItem.minecraft.stone_slab2":26,"stat.pickup.minecraft.bow":1,"stat.craftItem.minecraft.iron_boots":1,"stat.useItem.aoa3.amethyst_pickaxe":2,"stat.craftItem.minecraft.stone_pickaxe":1,"stat.pickup.minecraft.cobblestone":81,"stat.flyOneCm":151668,"stat.pickup.minecraft.fish":3,"stat.craftItem.minecraft.wooden_slab":54,"stat.pickup.minecraft.redstone":92,"stat.mineBlock.minecraft.iron_ore":100,"stat.timeSinceDeath":19632,"stat.pickup.journey.tomatoseeds":18,"stat.useItem.minecraft.wooden_slab":49,"stat.pickup.minecraft.mutton":1,"stat.pickup.minecraft.mossy_cobblestone":5,"stat.pickup.journey.essencearrow":8,"stat.pickup.aoa3.limonite_ore":11,"stat.killEntity.Bat":1,"stat.killEntity.mod_lavacow.parasite":2,"stat.pickup.minecraft.wooden_axe":1,"stat.pickup.minecraft.iron_shovel":1,"stat.mineBlock.minecraft.coal_ore":74,"stat.mineBlock.minecraft.nether_brick":8,"stat.pickup.minecraft.string":20,"stat.pickup.tombstone.crafting_ingredient":3,"stat.entityKilledBy.Skeleton":1,"stat.craftItem.minecraft.stone_slab2":0,"stat.useItem.minecraft.written_book":1,"stat.sprintOneCm":163392,"stat.pickup.mod_lavacow.parasite_item_cooked":2,"stat.craftItem.minecraft.stick":24,"stat.pickup.tombstone.lollipop":3,"stat.craftItem.aoa3.amethyst_sword":1,"stat.mineBlock.minecraft.diamond_ore":3,"stat.mineBlock.minecraft.crafting_table":1,"stat.mineBlock.minecraft.planks":2,"stat.drop":13,"stat.killEntity.Sheep":1,"stat.drop.tombstone.grave_key":1,"stat.pickup.tombstone.grave_key":1,"stat.pickup.pvj.limestone":1,"stat.pickup.aoa3.amethyst":5,"stat.killEntity.Zombie":6,"stat.mineBlock.minecraft.gold_ore":6,"stat.diveOneCm":3071,"stat.mineBlock.minecraft.mossy_cobblestone":5,"stat.killEntity.grimoireofgaia.vase":1,"stat.useItem.minecraft.rotten_flesh":18,"stat.entityKilledBy.journey.bighongo":2,"stat.jump":1195,"stat.pickup.minecraft.coal":77,"stat.pickup.minecraft.iron_ingot":8,"stat.pickup.scalinghealth.crystalshard":2,"stat.mineBlock.fossil.fossil":1,"stat.useItem.minecraft.stone_axe":14,"stat.entityKilledBy.CaveSpider":3,"stat.pickup.journey.cavedust":5,"stat.craftItem.minecraft.torch":112,"stat.pickup.minecraft.dirt":10,"stat.craftItem.minecraft.iron_helmet":1,"stat.pickup.minecraft.iron_ore":102,"stat.mineBlock.pvj.redwood_bark":1,"stat.mineBlock.mca.rose_gold_ore":3,"stat.useItem.minecraft.sapling":30,"stat.pickup.minecraft.gold_ore":6,"stat.pickup.minecraft.red_sandstone":8,"stat.damageTaken":7323,"stat.pickup.pvj.siltstone":1,"stat.mineBlock.minecraft.red_flower":1,"stat.mineBlock.minecraft.torch":2,"stat.mineBlock.minecraft.furnace":1,"stat.killEntity.CaveSpider":3,"stat.pickup.minecraft.bed":1,"tombstone:undead_killed":8,"stat.useItem.tombstone.grave_key":2,"stat.entityKilledBy.Zombie":4,"stat.damageDealt":5158,"stat.sleepInBed":1,"stat.mineBlock.aoa3.rosite_ore":5,"stat.pickup.minecraft.end_bricks":4,"stat.pickup.aoa3.amethyst_sword":3,"stat.craftItem.minecraft.iron_sword":1,"stat.mineBlock.aoa3.limonite_ore":11,"stat.walkOneCm":473283,"stat.useItem.minecraft.chest":2,"stat.pickup.minecraft.stick":21,"stat.entityKilledBy.grimoireofgaia.banshee":1,"stat.useItem.tombstone.gift":1,"stat.entityKilledBy.grimoireofgaia.minotaurus":2,"stat.pickup.minecraft.stone":19,"stat.pickup.scalinghealth.heartcontainer":1,"stat.mineBlock.scalinghealth.crystalore":2,"stat.killEntity.aoa3.clown":2,"stat.pickup.minecraft.ender_pearl":1,"stat.pickup.aoa3.rosite_ore":5,"tombstone:eaten_lollipop":3,"stat.killEntity.Spider":1,"stat.pickup.minecraft.bread":4,"stat.mobKills":26,"stat.pickup.minecraft.quartz":1,"stat.useItem.minecraft.mossy_cobblestone":1,"stat.pickup.minecraft.diamond":3,"stat.mineBlock.minecraft.leaves":1,"stat.pickup.minecraft.torch":7,"stat.mineBlock.minecraft.redstone_ore":21,"stat.pickup.thaumcraft.brain":2,"stat.useItem.aoa3.amethyst_sword":31,"stat.mineBlock.minecraft.hay_block":2,"stat.mineBlock.minecraft.stone":62}