{"stat.chestOpened":11,"stat.walkOneCm":14613,"stat.leaveGame":6,"stat.talkedToVillager":1,"stat.jump":17,"stat.fallOneCm":627,"stat.crouchOneCm":86,"stat.craftItem.minecraft.iron_helmet":1,"stat.sprintOneCm":3017,"stat.pickup.mowziesmobs.wrought_axe":1,"stat.pickup.minecraft.iron_chestplate":1,"stat.craftingTableInteraction":2,"stat.craftItem.minecraft.iron_boots":1,"stat.damageTaken":95,"stat.flyOneCm":3519,"stat.playOneMinute":13311,"stat.craftItem.minecraft.iron_leggings":1,"stat.sneakTime":58,"stat.damageDealt":152,"stat.timeSinceDeath":13311,"stat.useItem.mowziesmobs.wrought_axe":4,"stat.craftItem.minecraft.iron_sword":1}