{
  "uuid": "3c5bf460-dc6d-37ac-b48e-2055ad95184f",
  "starterPrompted": true,
  "starterLocked": false,
  "starterSelected": true,
  "starterUUID": "7920fcd0-fc10-4ec4-a0c3-04a89a963a47",
  "keyItems": [],
  "battleTheme": "cobblemon:battle.pvp.default",
  "extraData": {
    "koStreak": {
      "name": "koStreak",
      "species": "frogadier",
      "count": 1
    },
    "koCount": {
      "name": "koCount",
      "defeats": {
        "ekans": 6,
        "geodude": 2,
        "haunter": 5,
        "growlithe": 2,
        "drilbur": 1,
        "steelix": 2,
        "frillish": 3,
        "pidgey": 1,
        "vulpix": 1,
        "onix": 1,
        "archen": 1,
        "wingull": 1,
        "wimpod": 1,
        "buneary": 1,
        "caterpie": 1,
        "aipom": 1,
        "bellsprout": 2,
        "rattata": 1,
        "crabrawler": 4,
        "snubbull": 1,
        "smoochum": 1,
        "teddiursa": 1,
        "nidorino": 1,
        "golett": 1,
        "phanpy": 1,
        "woobat": 1,
        "krabby": 13,
        "slowpoke": 3,
        "bidoof": 6,
        "sandshrew": 1,
        "kingler": 1,
        "rufflet": 1,
        "emolga": 1,
        "corvisquire": 1,
        "magikarp": 1,
        "starmie": 1,
        "shellder": 1,
        "pyukumuku": 2,
        "wailmer": 1,
        "inteleon": 3,
        "applin": 1,
        "audino": 1,
        "arrokuda": 1,
        "fletchinder": 1,
        "frogadier": 1
      }
    },
    "captureStreak": {
      "name": "captureStreak",
      "species": "lapras",
      "count": 1
    },
    "captureCount": {
      "name": "captureCount",
      "defeats": {
        "sprigatito": 1,
        "haunter": 1,
        "grookey": 1,
        "arrokuda": 2,
        "dreepy": 1,
        "floragato": 1,
        "thwackey": 1,
        "wingull": 1,
        "horsea": 1,
        "krabby": 1,
        "lapras": 2,
        "flaaffy": 1,
        "ponyta": 1
      }
    },
    "encounter": {
      "name": "encounter",
      "encounters": {
        "sprigatito": true,
        "haunter": true,
        "grookey": true,
        "steelix": true,
        "frillish": true,
        "arrokuda": true,
        "dreepy": true,
        "pidgey": true,
        "floragato": true,
        "growlithe": true,
        "wingull": true,
        "wimpod": true,
        "buneary": true,
        "caterpie": true,
        "aipom": true,
        "bellsprout": true,
        "crabrawler": true,
        "krabby": true,
        "slowpoke": true,
        "bidoof": true,
        "thwackey": true,
        "kingler": true,
        "magikarp": true,
        "starmie": true,
        "shellder": true,
        "horsea": true,
        "pyukumuku": true,
        "wailmer": true,
        "inteleon": true,
        "lapras": true,
        "fletchinder": true,
        "flaaffy": true,
        "ponyta": true
      }
    }
  },
  "advancementData": {
    "totalCaptureCount": 5,
    "totalEggsHatched": 0,
    "totalEvolvedCount": 2,
    "totalBattleVictoryCount": 75,
    "totalPvPBattleVictoryCount": 0,
    "totalPvWBattleVictoryCount": 62,
    "totalPvNBattleVictoryCount": 13,
    "totalShinyCaptureCount": 0,
    "totalTradedCount": 7,
    "totalTypeCaptureCounts": {
      "ghost": 2,
      "poison": 1,
      "water": 3,
      "dragon": 1,
      "ice": 1
    },
    "totalDefeatedCounts": {
      "cobblemon:haunter": 5,
      "cobblemon:steelix": 2,
      "cobblemon:frillish": 3,
      "cobblemon:pidgey": 1,
      "cobblemon:growlithe": 1,
      "cobblemon:wingull": 1,
      "cobblemon:wimpod": 1,
      "cobblemon:buneary": 1,
      "cobblemon:caterpie": 1,
      "cobblemon:aipom": 1,
      "cobblemon:bellsprout": 2,
      "cobblemon:crabrawler": 4,
      "cobblemon:krabby": 13,
      "cobblemon:slowpoke": 3,
      "cobblemon:bidoof": 6,
      "cobblemon:kingler": 1,
      "cobblemon:magikarp": 1,
      "cobblemon:starmie": 1,
      "cobblemon:shellder": 1,
      "cobblemon:pyukumuku": 2,
      "cobblemon:wailmer": 1,
      "cobblemon:inteleon": 3,
      "cobblemon:arrokuda": 1,
      "cobblemon:fletchinder": 1
    },
    "aspectsCollected": {}
  }
}