{
  "minecraft:recipes/decorations/crafting_table": {
    "criteria": {
      "unlock_right_away": "2024-09-22 15:53:19 +0000"
    },
    "done": true
  },
  "minecraft:adventure/adventuring_time": {
    "criteria": {
      "minecraft:stony_shore": "2024-09-22 15:56:37 +0000",
      "minecraft:forest": "2024-09-22 15:53:19 +0000"
    },
    "done": false
  },
  "cobblemon:root": {
    "criteria": {
      "picked_starter": "2024-09-22 15:54:41 +0000"
    },
    "done": true
  },
  "DataVersion": 3465
}